Id,Tag
80,flex
80,actionscript-3
80,air
90,svn
90,tortoisesvn
90,branch
90,branching-and-merging
120,sql
120,asp.net
120,sitemap
180,algorithm
180,language-agnostic
180,colors
180,color-space
260,c#
260,.net
260,scripting
260,compiler-construction
330,c++
330,oop
330,class
330,nested-class
470,.net
470,web-services
580,sql-server
580,sql-server-2005
580,deployment
580,release-management
650,c#
650,visual-studio
650,versioning
810,windows
810,visual-studio
810,registry
810,installation
930,c#
930,database
930,loops
930,connection
1010,c#
1010,asp.net
1040,c#
1040,file-locking
1070,unix
1070,size
1160,svn
1160,msbuild
1160,cruisecontrol.net
1180,web-applications
1180,dns
1180,subdomain
1180,account
1300,.net
1300,.net-3.5
1300,msbuild
1300,nant
1390,sql-server
1390,windows-server-2008
1600,sql-server
1600,sql-server-2008
1610,sql-server
1760,c#
1760,.net
1760,unit-testing
1760,testing
1790,svn
1790,version-control
1970,sql
1970,database
1970,postgresql
1970,stored-procedures
1970,triggers
2120,sql
2120,sql-server
2250,c#
2250,dataset
2250,datatable
2300,asp-classic
2300,vbscript
2530,html
2530,autocomplete
2540,c
2540,architecture
2540,data-structures
2550,asp.net
2550,flash
2550,video
2550,embed
2630,powershell
2630,cmdlets
2750,optimization
2750,setter
2750,getter
2750,verification
2770,winforms
2770,error-handling
2770,user-controls
2780,c#
2780,colors
2840,sql
2840,sql-server-2005
2840,paging
2900,php
2900,mysql
2970,security
2970,cracking
2970,hijacked
3150,c++
3150,visual-studio
3150,unit-testing
3150,testing
3180,fogbugz
3230,c++
3230,visual-studio
3260,algorithm
3260,language-agnostic
3400,sql-server
3400,full-text-search
3470,sql-server
3470,sql-server-2005
3510,math
3530,ruby
3530,rake
3530,command-line-interface
3790,windows
3790,64bit
3790,wmi
4080,java
4080,code-coverage
4080,static-analysis
4110,sql
4110,sql-server
4110,database
4110,diagram
4170,ado.net
4230,asp.net
4320,asp.net
4320,business-logic-layer
4320,objectdatasource
4430,php
4430,web-services
4430,visual-studio
4430,wsdl
4610,c#
4610,.net
4630,java
4630,jni
4630,java-web-start
4630,nativelibrary
4670,version-control
4670,dvcs
4850,c#
4850,user-interface
4850,directx
4860,xml
4860,xml-signature
4870,regex
4870,ansi
4880,html
4880,email
4880,forms
4880,confirm
4930,c#
4930,.net
4930,sharepoint
4930,assemblies
5170,sql-server
5260,vb.net
5260,date
5460,community-server
5600,sql-server
5600,indexing
5690,asp.net-mvc
5690,asp.net-mvc-routing
5880,architecture
5880,n-tier
6080,authentication
6080,web-applications
6080,account
6110,database
6130,svn
6130,subclipse
6210,.net
6210,email
6340,sql
6340,mysql
6340,foreign-keys
6430,winforms
6440,.net
6440,redistributable
6530,asp.net
6530,logging
6530,permissions
6890,c#
6890,multithreading
6890,compact-framework
7180,.net
7180,animation
7190,svn
7190,continuous-integration
7260,linux
7260,ssh
7440,unit-testing
7440,user-interface
7440,selenium
7470,php
7470,web-applications
7540,javascript
7540,firefox
7540,memory
7540,cpu
7720,java
7720,windows
7720,swt
7720,executable
7720,software-distribution
7880,c++
7880,file
7880,io
7940,css
7940,validation
7940,xhtml
7940,cross-browser
7940,w3c
7990,c#
7990,.net
7990,windows-services
7990,printing
8050,linq
8050,.net-3.5
8140,plugins
8140,extensibility
8790,ant
8790,build-process
8800,c#
8800,data-structures
8800,collections
8830,osx
8830,adobe
8830,applescript
8830,acrobat
8880,winapi
8940,linux
8940,vmware
8940,sysadmin
8940,nic
8950,sharepoint
8950,osx
8950,wss
8970,objective-c
8970,osx
8970,webcam
8970,isight
9240,architecture
9410,c
9410,function
9410,pointers
9410,syntax
9410,parameters
9570,linker
9570,c++-cli
9570,mixed-mode
9650,lisp
9650,scheme
9750,language-agnostic
10190,.net
10190,sql
10190,linq
10190,pagination
10230,string
10230,optimization
10230,language-agnostic
10230,compiler-construction
10260,asp.net
10300,asp.net-mvc
10300,validation
10580,binding
10580,dynamic-binding
10580,static-binding
10600,database
10600,hardware
10600,storage
10600,raid
10600,disk
10610,regex
10670,c#
10670,.net-3.5
10670,.net-2.0
10670,remoting
10670,rpc
10680,c
10680,linux
10810,c#
10810,winforms
10810,authorization
10810,adam
10810,azman
10860,.net
10860,n-tier
10870,actionscript-3
10870,flex
10870,drag-and-drop
10880,c++
10880,emacs
10980,java
10980,.net
10980,ikvm
10980,gnu-classpath
10990,php
10990,apache
10990,upload
11060,c++
11060,python
11060,unit-testing
11060,code-generation
11060,swig
11200,tsql
11200,sqlite
11200,date
11330,c
11330,architecture
11330,pointers
11430,sql-server
11430,sql-server-2008
11460,.net
11460,asp.net
11460,iis
11500,asp.net
11500,ajax
11500,optimization
11500,performance
11520,.net
11520,visual-studio
11620,sql-server
11620,sql-server-2005
11680,design-patterns
11680,fileparse
11690,internet-explorer
11690,unicode
11720,msbuild
11720,virtualization
11720,hyper-v
11740,.net
11740,orm
11820,xml
11820,web-services
11930,java
11930,sockets
11930,ip
11930,router
11950,asp.net
11950,error-handling
11950,nlog
11950,health-monitoring
12140,language-agnostic
12140,oop
12290,asp.net
12290,performance
12290,.net-3.5
12290,content-management-system
12290,n2
12330,vbscript
12330,wmi
12720,.net-2.0
12720,installer
12720,dependencies
12870,java
12870,php
12870,jsp
12870,tomcat
12880,resources
12880,dataset
12890,mysql
12890,database
12890,denormalization
13000,php
13060,c#
13060,.net
13060,vb.net
13160,web-services
13170,c#
13170,.net
13170,multithreading
13170,exception
13200,continuous-integration
13200,bug-tracking
13200,fogbugz
13200,cruisecontrol.rb
13430,iis-7
13430,cruisecontrol.net
13460,version-control
13470,regex
13540,sql
13540,sql-server
13540,stored-procedures
13540,upsert
13550,cad
13620,php
13620,optimization
13620,performance
14040,unit-testing
14040,testing
14040,process
14300,powershell
14300,batch-file
14310,opengl
14310,textures
14330,colors
14330,rgb
14330,monochrome
14350,flex
14350,flash
14350,actionscript-3
14350,security
14370,opengl
14370,glut
14370,menu
14410,vim
14410,editor
14410,vi
14530,linq
14530,linq-to-sql
14530,stored-procedures
14570,asp.net
14570,database
14570,performance
14760,visual-studio
14770,.net
14770,attributes
14770,versions
15040,ubuntu
15040,vmware
15040,lamp
15190,delphi
15190,ide
15240,c++
15240,c
15240,c-preprocessor
15310,sql-server
15310,reporting-services
15390,javascript
15390,web-applications
15390,deployment
15470,asp.net-mvc
15470,asp.net-mvc-routing
15690,java
15690,oop
15690,design
15690,architecture
15700,.net
15700,enterprise-library
15700,connection-string
15880,c#
15880,outlook
15880,email
15880,message
15880,msg
15900,asp.net
15900,asp.net-mvc
15900,.net-3.5
15900,graphics
15900,diagram
16100,c#
16100,string
16100,enums
16110,c#
16110,winforms
16110,textbox
16140,java
16140,spring
16140,osgi
16320,database
16320,orm
16320,class-design
16330,asp.net-mvc
16340,c#
16340,hash
16460,.net
16550,.net
16550,build-process
16550,nant
16610,c#
16610,sql-server
16610,tsql
16610,ado.net
16610,sql-server-2000
16660,reporting-services
16660,internationalization
16770,data-structures
16770,haskell
16770,types
16770,functional-programming
16770,algebraic-data-types
16860,unit-testing
16940,visual-studio-2008
16970,api
17020,linux
17020,storage
17020,disk-partitioning
17140,c
17140,process
17170,c#
17170,.net
17250,python
17250,zip
17320,language-agnostic
17370,opengl
17370,glew
17430,c#
17430,testing
17500,.net-3.5
17500,intellisense
17670,c++
17670,encryption
17670,winapi
17770,knowledge-management
17840,parsing
17840,monads
17870,mysql
17880,xml
17880,automation
17880,applescript
17880,iwork
17960,powershell
17960,configuration-files
17980,c
18010,version-control
18010,ankhsvn
18080,performance
18080,monitoring
18080,usage-statistics
18250,date
18250,executable
18290,ruby-on-rails
18290,security
18290,deployment
18450,.net
18450,open-source
18450,mono
18460,asp.net
18460,authorization
18700,open-source
18700,licensing
18920,html
18920,css
18920,directory
19030,python
19030,validation
19030,naming
19280,javascript
19790,asp.net
19790,gridview
19790,infragistics
19790,ultrawebgrid
19970,javascript
20040,.net
20040,project-management
20420,objective-c
20420,xcode
20420,osx
20420,refactoring
20450,.net
20450,vb.net
20450,ms-word
20450,rtf
20510,javascript
20510,flex
20510,exploit
20840,sql
20840,sql-server
20850,osx
20850,hardware
20880,java
20880,swing
20880,jpanel
20910,.net
20910,flex
20910,flash
20910,silverlight
21060,windows
21060,configuration
21280,c#
21280,sql
21280,linq
21460,django
21460,shared-hosting
21460,hostmonster
21560,opengl
21560,wxwidgets
21560,multisampling
21640,.net
21640,asp.net
21640,url
21640,uri
21640,authority
21830,postgresql
21830,indexing
21830,gin
21830,gist-index
21870,caching
21870,.net-2.0
21870,memcached
21870,enterprise-library
22000,html
22000,css
22140,apache
22140,unix
22140,httpserver
22340,.net
22340,wcf
22340,firewall
22340,push
22340,duplex
22500,c
22500,kr-c
22500,c89
22570,sql
22570,sql-server
22570,tsql
22570,datetime
22570,user-defined-functions
22590,asp.net
22590,iis-6
22590,windows-server-2003
22590,cluster-computing
22590,failover
22720,java
22720,exception
22720,sockets
22720,networking
22880,security
22880,session
22880,cookies
22980,ruby-on-rails
22980,ruby
22980,plugins
23190,c++
23190,c
23190,arrays
23190,microsoft-dynamics
23250,c#
23250,coding-style
23270,security
23270,internet-explorer-7
23270,security-zone
23310,version-control
23370,c#
23370,c++
23370,windows
23370,winapi
23370,com
23490,windows-vista
23610,windows
23610,active-directory
23610,groups
23620,javascript
23620,spell-checking
23640,product
23770,database
23770,database-design
23770,postgresql
23930,algorithm
23930,language-agnostic
23950,java
23950,concurrency
23970,ruby
23970,serialization
23970,lambda
23970,proc-object
24040,unit-testing
24040,testing
24130,php
24130,arrays
24130,class
24200,c#
24200,sql
24200,sql-server
24200,sql-server-2005
24270,language-agnostic
24270,oop
24310,ruby
24310,shoes
24310,irc
24450,model-view-controller
24450,web-frameworks
24470,sql-server
24470,tsql
24470,pivot
24580,visual-studio
24580,build-automation
24610,visual-studio
24610,vim
24610,ide
24610,editor
24620,oop
24680,svn
24680,vb6
24730,asp-classic
24730,oledb
24730,ado
25200,c#
25200,winforms
25240,javascript
25240,dom
25240,plugins
25240,fckeditor
25450,css
25450,abstraction
25460,sql
25460,stored-procedures
25460,db2
25530,java
25530,unix
25530,windows-services
25530,daemon
25550,pdf
25550,import
25730,c++
25730,c
25730,visual-studio
25730,memory-leaks
25950,ruby
25950,performance
25950,ruby-1.9
26020,c#
26020,sqlite
26230,windows
26230,networking
26230,folders
26230,shared
26230,smb
26260,asp.net
26450,hibernate
26450,orm
26570,c#
26570,.net
26620,jquery
26620,ajax
26620,json
26620,character-encoding
26670,pdf
26670,coldfusion
26760,c#
26760,timespan
26800,.net
26800,xpath
26860,html
26860,browser
26860,accessibility
27020,excel
27020,excel-vba
27030,javascript
27030,arrays
27030,comparison
27220,c++
27220,winapi
27240,java
27240,enumeration
27240,iterable
27570,c#
27570,file
27570,recursion
27610,c#
27610,trace
27640,c++
27640,qt
27640,mfc
27670,.net
27670,frameworks
27670,installation
27700,c++
27700,windows
27700,linux
27700,filesystems
27850,data-structures
27850,modeling
27910,regex
27910,doi
28080,c++
28080,casting
28080,rtti
28080,dynamic-cast
28110,sql-server
28110,datetime
28150,.net
28150,attributes
28160,c++
28160,performance
28160,file-organization
28280,sql
28280,sql-server
28280,sql-server-2005
28380,android
28380,authentication
28380,proxy
28530,open-source
28560,database
28560,nhibernate
28560,paradox
28590,database
28590,resources
28590,database-connection
28820,windows-mobile
28820,scripting
28820,sysadmin
28820,administration
28840,scrum
28840,methodology
28840,requirements
28950,architecture
28950,rest
28950,soap
29030,sharepoint
29030,spcontext
29030,applicationpage
29040,.net
29040,sql
29040,performance
29040,linq-to-sql
29100,testing
29100,automated-tests
29100,specifications
29100,faults
29370,.net
29370,db2
29370,db2-luw
29370,vista64
29460,c#
29460,winforms
29460,taskbar
29580,performance
29580,pagination
29630,excel
29630,excel-vba
29630,office-addins
29680,asp.net
29680,javascript
29680,sharepoint
29700,.net
29700,wpf
29760,installer
29760,installation
29760,windows-installer
29760,installshield
29810,version-control
29810,tracking
29820,java
29820,deep-copy
29820,cloning
29870,web-applications
29870,beta
29870,launching
29890,c++
29890,sockets
29890,udp
29980,c#
29980,unit-testing
29980,tdd
29980,mocking
30080,c#
30080,2d
30160,java
30160,editor
30170,css
30230,asp.net
30310,asp.net-mvc
30430,c#
30430,.net
30430,visual-studio
30430,.net-3.5
30430,.net-2.0
30540,javascript
30540,flash
30660,mysql
30660,replication
30660,mysql-error-1062
30660,binlog
30710,database
30710,unit-testing
30770,asp.net
30770,asp.net-ajax
30770,user-controls
30770,updatepanel
30790,linq
30790,oracle
30800,wcf
30800,security
30800,authentication
30800,ws-security
30940,php
30940,error-logging
31090,.net
31090,winforms
31090,.net-2.0
31140,.net
31140,winforms
31140,reflection
31140,inheritance
31200,outlook
31200,synchronization
31200,exchange-server
31250,content-type
31250,mhtml
31320,ruby-on-rails
31320,ruby
31340,python
31340,multithreading
31380,java
31380,performance
31380,http
31380,io
31380,buffer
31410,c#
31410,visual-studio-2008
31410,debugging
31480,.net
31480,wpf
31500,sql
31500,indexing
31790,wcf
31790,web-services
31800,language-agnostic
31800,http
31800,rest
31840,java
31840,logging
31840,log4j
31840,java.util.logging
31870,xslt
31930,c#
31930,reporting-services
32000,c#
32000,sql
32000,sql-server
32000,tsql
32010,regex
32010,language-agnostic
32020,web-services
32020,testing
32100,sql
32100,puzzle
32260,c#
32260,.net
32260,email
32260,smtp
32260,gmail
32280,java
32280,null
32280,assert
32360,sql
32360,sql-server
32460,wpf
32460,binding
32460,dataset
32460,datarowview
32460,defaultview
32540,javascript
32540,model-view-controller
32540,architecture
32540,client
32540,ria
32550,sql-server-2005
32550,nolock
32570,php
32570,iis
32640,asp.net-mvc
32640,unit-testing
32640,mocking
32640,moq
32640,rhino-mocks
32750,c#
32750,.net
32750,image
32750,tiff
32780,sql-server
32790,java
32790,process
32930,.net
32930,windows
32930,components
32930,dvd
33080,javascript
33080,html
33080,css
33150,c#
33150,asp.net
33150,vb.net
33150,custom-server-controls
33150,web-controls
33250,c#
33250,asp.net
33250,active-directory
33390,linq-to-sql
33390,.net-3.5
33510,modularity
33510,compiled
33510,interpreted
33550,open-source
33550,wolfram-mathematica
33550,symbolic-math
33550,computer-algebra-systems
33590,flash
33590,actionscript-3
33590,datatipfunction
33630,windows
33630,memory
33630,.net-2.0
33630,64bit
33630,hardware
33720,xcode
33720,osx
33720,templates
33720,xcode4
33720,xcode4.5
33790,.htaccess
33790,deployment
33790,scp
33790,shared-hosting
33860,javascript
33860,ruby-on-rails
33860,ruby
33960,java
33960,networking
33960,ethernet
33990,eclipse
33990,svn
33990,osx
34020,python
34020,multithreading
34120,php
34120,html
34120,screen-scraping
34270,com
34270,.net-2.0
34270,active-directory
34300,.net
34300,com
34300,com+
34300,dcom
34390,asp.net
34390,css
34390,visual-studio-2008
34390,user-controls
34490,ruby
34490,hash
34490,sha1
34510,multithreading
34510,concurrency
34510,terminology
34510,race-condition
34570,python
34600,tdd
34600,pair-programming
34790,javascript
34790,jquery
34920,perl
34920,file
34920,locking
35050,javascript
35050,comparison
35070,unit-testing
35070,registry
35120,silverlight
35170,verilog
35240,jquery
35240,ajax
35240,http
35240,forms
35240,iframe
35320,sql
35320,sql-server
35320,recursion
35320,common-table-expression
35380,c
35380,signals
35420,mysql
35420,mysql-management
35470,python
35470,static-analysis
35470,pylint
35470,pyflakes
35480,perl
35480,class-dbi
35490,api
35490,networking
35490,messaging
35490,distributed
35490,cluster-computing
35530,algorithm
35530,graphics
35530,audio
35530,photoshop
35530,signal-processing
35560,wcf
35560,web-services
35560,domain-driven-design
35670,svn
35700,c
35700,cross-platform
35700,32-bit
35720,windows-vista
35720,hardware
35720,emulator
35870,sorting
35870,comparison
35940,f#
35950,c++
35950,tr1
35950,unordered-map
36030,yaws
36260,ocaml
36350,c#
36350,arrays
36430,ruby
36600,directx
36600,remote-desktop
36760,sql
36760,count
36820,version-control
36820,ms-word
36890,c++
36890,corba
36890,idl
36890,tao
37030,windows
37030,installation
37070,x86
37070,sse
37070,assembly
37310,java
37310,unit-testing
37310,tdd
37590,graphics
37640,sql
37640,sql-server
37640,documentation
37650,asp.net
37650,file
37650,download
37830,wpf
37830,user-interface
37920,winapi
37920,com
38010,c#
38010,.net
38010,string
38070,asp.net
38070,maps
38090,postgresql
38160,bash
38190,.net
38190,winapi
38190,disk
38210,research
38280,browser
38280,web-applications
38370,php
38370,session
38370,session-variables
38510,c#
38510,sql-server
38510,winforms
38510,data-binding
38510,sql-server-ce
38670,c#
38670,asp.net
38670,visual-studio
38680,sql
38680,paging
38820,oop
38820,class-design
38870,database
38870,data-structures
38870,indexing
38870,schema
38890,sql-server
38890,database
38920,php
38920,iis
38920,smtp
38940,sql
38940,mysql
38960,c#
38960,.net
38960,io
39070,asp.net
39070,ftp
39240,sql
39240,sql-server
39240,database
39770,svn
39770,tags
39770,cvs
39780,sql-server
39780,ssis
39910,sharepoint
39960,javascript
39960,python
40090,c#
40090,overloading
40230,sql-server
40230,synchronization
40230,guid
40230,offline
40230,oltp
40480,java
40480,methods
40480,parameter-passing
40480,pass-by-reference
40480,pass-by-value
40590,jquery
40590,prototypejs
40590,css-selectors
40590,addclass
40680,c#
40680,asp.net
40680,user-controls
40730,c#
40730,automatic-properties
40840,c#
40840,registry
40840,environment
41010,codeigniter
41010,zend-framework
41010,smarty
41050,asp.net
41220,.net
41220,security
41220,encryption
41220,cryptography
41290,asp.net
41290,multithreading
41290,web-applications
41290,caching
41290,file-io
41300,windows
41300,emacs
41320,visual-studio
41330,winapi
41330,audio
41330,device
41400,c++
41400,c
41400,variadic-functions
41460,licensing
41580,testing
41580,design-patterns
41580,qa
41580,regression
41590,c++
41590,namespaces
41630,ruby
41630,command-line
41630,command-line-interface
41640,windows-vista
41640,audio
41970,fuzzy-search
42070,unix
42070,shell
42150,c#
42150,.net
42150,unit-testing
42150,windows-services
42200,linq
42200,linq-to-sql
42460,.net
42460,winforms
42460,user-interface
42460,windows-xp
42490,version-control
42490,tfs
42550,vb.net
42550,screen-scraping
42550,street-address
42610,javascript
42610,sqlite
42610,model
42610,client-server
42610,metalanguage
42620,sql
42690,.net
42690,ironpython
42690,ironruby
42690,dynamic-language-runtime
42690,dynamic-languages
42710,logic
42710,verilog
42710,synthesis
42710,version-control
42740,.net
42740,wcf
42770,c++
42830,asp.net
42950,python
42950,date
42980,osx
42980,configuration
42980,mercurial
42980,perforce
42980,p4merge
42990,c#
42990,java
42990,regex
42990,regex-negation
43180,operating-system
43180,kernel
43180,osdev
43290,python
43290,django
43290,url
43290,django-urls
43320,.net
43320,session
43320,nhibernate
43320,flush
43400,html
43400,css
43400,design
43490,.net
43490,winforms
43500,c#
43500,.net
43580,python
43580,mime
43870,sql
43870,postgresql
43870,group-by
43870,string-concatenation
43870,concat
43890,mp3
43890,ffmpeg
43920,version-control
43920,project-management
43920,project-planning
43940,sql-server
43940,database
43960,cots
43970,configuration
43970,firewall
43970,sendmail
43970,smarthost
44080,asp.net
44080,dom
44080,asp.net-ajax
44080,memory-leaks
44100,.net
44100,dictionary
44100,properties
44100,constants
44190,javascript
44190,dom
44220,c#
44220,performance
44220,loops
44260,.net
44260,command-line
44260,parameters
44270,c#
44270,arrays
44350,keyboard
44350,macros
44350,performance
44470,visual-studio
44470,clickonce
44470,versioning
44630,version-control
44660,regex
44660,vb6
44760,eclipse
44760,svn
44760,subclipse
44780,sql
44780,sql-server
44780,tsql
44780,permissions
44940,.net
44940,cil
44980,c#
44980,windows
45030,c#
45030,.net
45030,string
45030,.net-3.5
45030,nullable
45180,iis
45230,osx
45230,ubuntu
45230,ssh
45230,port
45340,asp.net
45340,url
45340,rest
45340,friendly-url
45400,version-control
45470,perl
45470,model-view-controller
45500,python
45500,interface
45500,wacom
45510,.net
45510,installation
45510,inno-setup
45540,python
45540,tkinter
45540,tk
45600,javascript
45600,jquery
45600,user-interface
45600,dialog
45650,visual-studio
45650,projects-and-solutions
45950,xml
45950,osx
46030,c#
46030,winforms
46080,svn
46080,tortoisesvn
46130,c#
46130,.net
46130,linq
46130,lambda
46160,java
46160,performance
46160,string
46220,iphone
46220,xib
46220,key-value-coding
46280,architecture
46350,html
46350,css
46380,sql
46380,database
46380,oracle
46380,ora-00942
46860,c#
46860,winforms
46860,user-interface
46930,reference
46930,labview
47210,osx
47210,fogbugz
47340,version-control
47340,open-source
47400,database
47400,unit-testing
47400,ms-access
47400,vba
47420,d
47780,c++
47780,gcc
47780,linker
47780,gnu
47960,c#
47960,visual-studio
47960,code-snippets
47980,c++
47980,templates
47980,compiler-errors
48070,asp.net
48070,scalability
48070,viewstate
48110,language-agnostic
48110,search
48110,debugging
48110,code-coverage
48240,ruby-on-rails
48240,activerecord
48250,eclipse
48250,jsp
48320,ruby-on-rails
48320,ruby
48320,social-networking
48340,c#
48340,wcf
48340,exception
48390,c++
48390,eclipse
48390,spell-checking
48390,eclipse-3.4
48390,cdt
48470,visual-studio
48470,macros
48470,tweak
48550,asp.net
48550,.net
48550,deployment
48550,msbuild
48570,php
48570,oop
48680,c#
48680,.net
48680,winforms
48680,focus
49080,visual-studio
49080,visual-studio-addins
49110,bash
49110,iterator
49220,nhibernate
49260,linq-to-sql
49260,deployment
49330,visual-studio-2008
49330,visual-c++
49330,visual-studio-2005
49330,linker
49350,html
49350,css
49430,c#
49430,animationextender
49450,svn
49500,apache
49500,mod-rewrite
49510,objective-c
49510,cocoa
49610,c++
49610,mfc
49610,bounds-checker
49610,purify
49630,javascript
49630,html
49630,events
49630,scriptaculous
49790,html
49790,forms
49790,cross-browser
49790,specifications
49870,.net
49870,multithreading
49870,reference
49890,php
49890,mediawiki
49900,java
49900,build-process
49900,build-automation
49900,ant
49950,.net
49950,garbage-collection
50120,c++
50120,database
50140,asp-classic
50170,css
50170,cross-browser
50280,css
50280,safari
50280,css-float
50310,visual-studio
50310,visual-studio-2008
50310,visual-c++
50310,atl
50330,asp.net
50330,validation
50330,asp.net-ajax
50430,css
50430,html
50430,positioning
50450,vb.net
50450,arrays
50450,jagged-arrays
50470,javascript
50470,iframe
50650,unit-testing
50650,project-management
50650,tdd
50890,performance
50890,download
50890,user
50890,average
50900,.net
50900,debugging
50900,release
51010,python
51010,datetime
51010,time
51050,usability
51050,ui-guidelines
51110,php
51110,mime
51130,demoscene
51150,windows
51150,winapi
51180,visual-studio
51210,ruby-on-rails
51210,ruby
51210,routing
51320,java
51320,windows
51380,io
51380,java
51390,java
51390,applet
51420,ruby
51420,math
51420,logarithm
51470,sql
51470,database
51470,oracle
51470,sequence
51470,reset
51500,testing
51500,design
51520,python
51520,path
51520,relative-path
51520,absolute-path
51530,svn
51530,version-control
51530,project-management
51530,legacy
51540,.net
51540,memory
51660,model-driven
51680,algorithm
51680,charts
51680,graph
51690,winapi
51690,windows-vista
51700,c#
51700,.net
51700,settings
51870,asp.net
51870,.net-2.0
51950,.net
51950,unit-testing
52080,javascript
52080,loops
52140,ajax
52140,flash
52140,ria
52160,vb6
52160,runtime
52290,project-management
52290,specifications
52290,specs
52360,.net
52400,object
52400,design-patterns
52400,intersection
52430,sql-server
52430,datediff
52460,sql-server
52520,desktop-application
52520,cloud
52550,c
52550,operators
52550,comma-operator
52600,.net
52600,debugging
52600,pdb-files
52730,.net
52730,visual-studio-2008
52730,visual-studio-2005
52830,xss
52830,sql-injection
52880,api
52880,google-reader
52950,windows
52950,git
53070,.net
53070,asp.net
53070,paypal
53220,asp.net
53220,pagination
53260,language-agnostic
53290,svn
53290,git
53290,build-automation
53290,capistrano
53370,ajax
53370,image
53370,animation
53450,asp.net
53480,c#
53480,algorithm
53480,string
53480,fuzzy-search
53610,css
53610,sharepoint
53670,sql
53670,mysql
53820,java
53820,windows
53820,swing
54010,scala
54010,list
54050,asp.net
54050,webforms
54050,login
54050,ntlm
54200,security
54200,encryption
54200,settings
54230,php
54230,cakephp
54230,permissions
54230,acl
54230,security-roles
54380,.net
54380,web-services
54380,iis
54380,wcf-data-services
54440,wpf
54440,data-binding
54440,listbox
54440,treeview
54500,postgresql
54500,image
54760,cocoa
54760,filtering
54760,pasteboard
54770,clickonce
54770,microsoft.mshtml
54790,msbuild
54790,mono
54980,php
54980,sql
54980,pdo
55010,security
55010,forms
55010,ssl
55010,https
55060,php
55060,error-handling
55060,error-suppression
55130,c#
55130,asp.net
55130,yellow-screen-of-death
55140,sql-server
55140,windows-mobile
55140,pocketpc
55140,sql-server-mobile
55180,python
55180,sorting
55180,dictionary
55180,list
55210,algorithm
55210,language-agnostic
55210,puzzle
55270,c#
55270,asp.net
55270,asp.net-ajax
55330,asp.net
55330,javascript
55330,dom
55330,asp.net-ajax
55340,sql-server
55340,tsql
55350,palm-os
55350,garnet-os
55360,c#
55360,asp.net
55440,java
55440,c++
55440,templates
55460,email
55460,mime-types
55460,html-email
55460,email-integration
55460,email-validation
55510,c++
55510,c
55510,variables
55670,service
55670,dvd
55720,php
55720,mysql
55720,performance
55720,profiling
55860,c#
55860,asp.net
55860,javascript
55860,ajax
55860,cookies
56070,sql
56070,sql-server
56070,sql-server-2005
56090,svn
56090,merge
56090,visualization
56340,c++
56340,linux
56340,debugging
56430,foxpro
56430,visual-foxpro
56430,removable-drive
56500,c++
56500,c
56500,interop
56500,name-decoration
56630,javascript
56630,css
56630,design
56680,flex
56770,asp.net
56770,database
56770,database-design
56770,web-applications
56810,c
56810,multithreading
56820,python
56820,floating-point
56860,oop
56860,definition
56860,solid-principles
56860,design-principles
56860,lsp
56950,sql-server
56950,tsql
57010,c#
57010,.net
57010,algorithm
57020,c#
57020,.net-3.5
57020,collections
57140,.net
57140,fluent-interface
57170,collaboration
57170,corporate
57350,c#
57350,.net
57350,windows
57380,caching
57530,svn
57530,version-control
57530,sourcegear-vault
57530,version-control-migration
57560,c#
57560,windows
57560,qfe
57600,language-agnostic
57600,loops
57600,goto
57600,continue
57730,version-control
57730,msbuild
57730,build-process
57730,cruisecontrol.net
57790,visual-studio-2008
57790,internet-explorer-8
57790,visual-studio-2008-sp1
57800,sql-server-2005
57800,security
57800,system-administration
57840,c#
57840,c++
57840,visual-studio
57840,debugging
57910,grails
57990,c#
57990,inversion-of-control
57990,structuremap
58000,flex
58000,build-process
58000,nant
58000,flexbuilder
58070,oop
58190,.net
58190,sql-server
58190,tsql
58190,sqlclr
58230,c#
58230,gdi+
58230,xna
58230,rendering
58280,.net
58280,vb.net
58280,exception-handling
58280,windows-services
58300,c#
58300,.net
58300,powerpoint
58340,.net
58340,wpf
58340,testing
58380,c#
58380,.net
58380,exception
58510,c#
58510,mime
58510,mime-types
58520,version-control
58520,deployment
58540,oracle
58540,ssis
58620,winapi
58630,.net
58630,html
58630,email
58670,windows
58670,winapi
58730,c++
58730,c
58730,pdf
58730,open-source
58750,google-analytics
58910,c#
58910,.net
58910,png
58910,svg
58940,sql
58940,sql-server
58940,tsql
59000,asp.net
59000,ssl
59080,asp.net
59080,performance
59080,subsonic
59080,sql-server-express
59120,visual-studio-2005
59120,installer
59130,asp.net
59130,unicode
59130,localization
59130,globalization
59180,sql
59180,sql-server
59220,c#
59220,.net
59220,reflection
59220,subsonic
59270,asp.net
59270,deployment
59280,c++
59280,winapi
59280,mfc
59280,combobox
59280,postmessage
59380,php
59380,apache
59380,.htaccess
59380,wildcard-subdomain
59390,coldfusion
59390,cfc
59560,captcha
59590,c#
59590,multithreading
59590,design-patterns
59590,locking
59670,c++
59670,string
59670,gcc
59680,lotus-domino
59680,lotus
59680,lotusscript
59790,sql-server
59790,xml
59840,.net
59840,linq
59850,java
59850,spring
59880,sql
59880,database
59880,stored-procedures
60000,c++
60000,inheritance
60000,oop
60000,member-function-pointers
60030,javascript
60030,internet-explorer
60070,operating-system
60100,c#
60100,coding-style
60100,refactoring
60160,java
60160,regex
60160,escaping
60260,macros
60260,lisp
60290,html
60290,css
60290,image
60330,tags
60360,jquery
60360,ajax
60360,yui
60360,prototypejs
60360,scriptaculous
60470,java
60470,applet
60470,signed
60470,downloading
60570,c++
60570,oop
60570,information-hiding
60570,pimpl-idiom
60590,php
60590,javascript
60590,download
60620,.net
60620,visual-studio
60620,visual-studio-2008
60620,silverlight
60650,asp.net
60650,postback
60680,python
60680,webserver
60720,ruby-on-rails
60720,ruby
60720,debugging
60720,variables
60740,jquery
60740,internet-explorer-6
60740,png
60800,ide
60800,amd-processor
60800,curl-language
60820,c#
60820,performance
60820,memory
60820,profiler
60830,c++
60830,inline-functions
60910,osx
60910,emacs
60910,lisp
60910,aquamacs
60920,sql-server
60920,audit
60950,windows
60950,command-line
60950,console
60950,terminal
60950,command-line-interface
61000,directory-structure
61110,c#
61110,.net
61110,console
61110,stdout
61150,java
61150,unit-testing
61150,mocking
61150,static-block
61180,browser
61180,controls
61180,desktop-application
61240,html
61240,django
61250,css
61250,layout
61320,svn
61320,eclipse
61320,subclipse
61320,subversive
61400,unit-testing
61400,language-agnostic
61400,tdd
61400,integration-testing
61400,testing-strategies
61480,c#
61480,properties
61520,database
61520,oop
61520,rdbms
61520,relational
61520,oodbms
61680,c++
61680,arrays
61680,graphics
61680,2d
61680,zbuffer
61750,database
61750,paging
61760,asp.net
61760,javascript
61760,wysiwyg
61850,c#
61850,javascript
61850,ajax
61850,.net-3.5
61850,repeater
61870,linq
61870,sum
62110,entity-framework
62110,ado.net
62230,delphi
62230,timage
62230,fibplus
62340,c++
62340,stl
62430,regex
62490,java
62490,xml
62490,soap
62490,namespaces
62490,axis
62530,ajax
62530,image
62530,caching
62530,internet-explorer-6
62570,svn
62570,tortoisesvn
62650,java
62650,xml
62720,debugging
62720,iis
62720,crash
62810,c++
62810,boost-serialization
62810,rcf
62850,multithreading
62850,websphere
62940,.net
62940,textbox
62940,scroll
63030,java
63030,.net
63030,bufferedimage
63030,ikvm
63030,notimplementedexception
63090,database
63090,database-design
63090,primary-key
63090,key
63100,agile
63100,scrum
63100,development-process
63100,process-management
63130,.net
63130,.net-2.0
63150,java
63150,string
63390,actionscript-3
63390,flash
63390,open-source
63690,linux
63690,dhcp
63720,windows-vista
63720,dcom
63790,visual-sourcesafe
63790,visual-studio-2003
63800,java
63800,operating-system
63800,filesystems
63870,linux
63870,bash
63870,large-files
63870,filesplitting
63910,flex
63930,java
63930,struts
63940,vbscript
63940,wmi
63950,emacs
63950,ubuntu
63950,colors
63960,c#
63960,xna
63960,camera
64000,java
64000,multithreading
64000,process-management
64010,java
64010,javascript
64010,web-applications
64010,audio
64170,flash
64170,actionscript
64200,mysql
64200,perl
64200,stored-procedures
64360,emacs
64360,copy-paste
64380,apache
64380,wordpress
64380,mod-rewrite
64400,php
64400,api
64400,aim
64420,javascript
64420,iphone
64420,objective-c
64570,php
64640,c#
64640,.net
64640,datetime
64640,parsing
64640,globalization
64760,html
64760,user-interface
64790,xcode
64790,breakpoints
64820,javascript
64820,keyboard
64820,keyboard-shortcuts
64860,unicode
64860,text
64860,utf-8
65010,java
65010,gcj
65020,vb6
65060,nhibernate
65060,hql
65060,querying
65150,java
65150,open-source
65150,workflow
65170,c
65170,windows
65170,winapi
65200,java
65200,jvm
65250,ruby
65250,pdf
65250,doc
65310,java
65310,apache
65310,axis
65400,python
65400,metaclass
65530,tomcat
65800,asp.net
65800,javascript
65800,html
65800,editor
65800,wysiwyg
65820,c
65820,unit-testing
65820,testing
65820,embedded
65910,debugging
65910,opengl
65910,vbo
65940,sql-server
65940,ms-access
65940,coldfusion
65970,php
65970,arrays
65970,random
65990,.net
66040,replication
66040,soa
66330,perl
66330,testing
66330,regression
66420,javascript
66420,google-chrome
66420,debugging
66420,google-chrome-devtools
66540,java
66540,garbage-collection
66610,php
66610,html
66610,wget
66720,rdf
66720,semantics
66720,semantic-web
66720,owl
66720,ontology
66730,python
66730,gtk
66730,pygtk
66730,gobject
66750,java
66750,date
66750,internationalization
66770,ruby-on-rails
66770,ruby
66770,rspec
66800,build-automation
66800,makefile
66810,qt
66810,widget
66840,java
66840,javascript
66840,jms
66840,ejb
66840,activemq
66870,c
66870,linux
66870,security
66870,ubuntu
66880,testing
66880,credit-card
67000,graphics
67000,drawing
67000,2d
67180,python
67180,mysql
67180,xampp
67180,mysql-error-2006
67200,c#
67200,vb.net
67200,visual-studio-2008
67300,.net
67300,controls
67300,tabcontrol
67370,c#
67370,generics
67410,linux
67410,internationalization
67410,sed
67410,character
67640,objective-c
67640,debugging
67640,ide
67760,perl
67760,solaris
67760,syslog
67780,templates
67780,project-management
67780,project-planning
67790,c
67810,java
67810,eclipse
67810,tomcat
67810,debugging
67890,ruby
67980,java
67980,spring
68120,java
68120,tomcat
68150,code-reuse
68160,debugging
68340,frameworks
68340,complexity-theory
68460,c++
68460,open-source
68460,windows-mobile
68460,palm-os
68610,css
68610,internet-explorer
68610,center
68610,text-align
68630,python
68630,performance
68630,python-internals
68640,c#
68640,class
68640,struct
68640,value-type
68640,reference-type
68750,c#
68750,asp.net-mvc
68750,generics
68750,extension-methods
69000,asp.net
69000,wpf
69000,visual-studio
69000,web-services
69030,osx
69030,focus
69030,applescript
69030,menu
69060,tfs
69060,documentation
69060,agile
69230,c#
69230,.net
69230,oracle
69250,c++
69250,c
69250,compiler-construction
69330,php
69330,debugging
69330,zend-studio
69330,zend-debugger
69430,javascript
69430,html
69430,css
69430,cross-browser
69430,textselection
69440,css
69440,safari
69470,java
69470,xslt
69470,xpath
69470,saxon
69480,gnuplot
69700,testing
69890,html
69890,xhtml
69890,browser
69890,google-chrome
69930,statistics
69930,state-machines
69930,hidden-markov-models
69930,markov-models
70090,autocomplete
70090,wicket
70140,imap
70140,maildir
70150,.net
70150,performance
70150,runtime
70170,java
70170,oracle
70170,security
70170,passwords
70450,security
70450,email
70450,encryption
70460,design
70460,language-agnostic
70560,algorithm
70560,full-text-search
70600,session
70600,download
70850,c
70850,formatting
70880,c++
70880,memory-management
70890,java
70890,ajax
70890,jsf
70890,seam
70890,richfaces
71000,java
71000,.net
71000,interop
71000,zip
71030,java
71030,maven-2
71030,build-process
71100,accessibility
71180,excel
71180,excel-vba
71440,c#
71440,asp.net
71440,visual-studio
71440,properties
71440,attributes
71590,jquery
71590,ajax
71720,directx
71720,direct3d
71720,lighting
71740,java
71740,browser
71740,applet
71740,control
71820,c++
71820,c
71820,linux
71820,unix
71920,sql
71920,algorithm
71920,recommendation-engine
71920,digg
71980,c++
71980,com
71980,wchar-t
71980,bstr
72010,c++
72010,function
72010,overloading
72010,resolution
72070,sql-server
72090,javascript
72090,firefox
72090,greasemonkey
72220,ruby
72220,mocha
72240,biztalk
72360,c#
72380,speech-recognition
72410,asp.net
72410,internationalization
72540,language-agnostic
72540,authentication
72580,c#
72580,winforms
72580,cross-platform
73000,java
73000,internet-explorer
73000,swing
73000,applet
73000,modal-dialog
73110,winforms
73110,textbox
73110,scrollbar
73230,html
73230,firefox
73260,project-management
73260,time
73320,listview
73320,sorting
73320,header
73320,themes
73320,glyph
73380,c#
73380,.net
73380,exception
73380,viewstate
73580,java
73580,smtp
73910,windows-mobile
73910,console
73930,linux
73930,rpm
73950,c#
73950,pdf-generation
73960,javascript
73960,html
73960,internet-explorer
73960,drop-down-menu
74010,oracle
74010,plsql
74100,c#
74100,vb.net
74100,border
74100,thumbnails
74190,iis-6
74190,windows-server-2003
74190,cluster-computing
74190,stateserver
74350,c++
74350,mfc
74350,paint
74430,python
74560,svn
74560,tortoisesvn
74560,visualsvn-server
74570,html
74570,css
74620,java
74620,date
74620,timestamp
74620,gettime
74690,qt
74690,window
74690,size
74690,restore
74790,c
74790,linux
74790,hotkeys
74880,c#
74880,delegates
74880,notifications
74960,java
74960,soap
74960,namespaces
74960,axis2
74960,wsdl2java
75180,c++
75180,c
75180,visual-studio
75180,debugging
75230,windows
75230,winapi
75230,productivity
75270,database
75270,eclipse
75270,ide
75340,xml
75340,ruby
75340,linux
75340,xslt
75400,.net
75400,nhibernate
75400,caching
75440,python
75500,pdf
75500,image
75500,tiff
75650,visual-studio
75650,deployment
75650,build
75700,java
75700,spring
75700,orm
75700,jpa
75700,transactions
75980,javascript
75980,encoding
75980,query-string
76080,windows
76080,visual-c++
76210,security
76300,java
76300,multithreading
76300,swt
76350,sql
76350,sql-server
76350,database
76350,modeling
76440,agile
76440,extreme-programming
76650,perl
76650,date
76650,module
76650,warnings
76680,sql
76680,mysql
76680,database
76700,linux
76700,pipe
76700,exim
76760,visual-studio-2008
76760,deployment
76760,installation
76760,desktop
76760,projects-and-solutions
76870,.net
76870,build
76870,automation
76870,nant
76930,exif
76930,photo-management
77090,eclipse
77090,testing
77280,api-design
77670,security
77670,design
77670,architecture
77670,permissions
77890,delphi
77890,firewall
77900,asp.net
77960,asp.net
77960,asp-classic
77990,linux
77990,terminal
78230,flex
78230,ant
78230,mxml
78360,software-engineering
78380,security
78380,windows-vista
78380,activex
78380,protected
78380,mode
78450,python
78450,reportlab
78560,sql-server-2005
78570,html
78570,javascript
78590,java
78590,ruby-on-rails
78700,networking
78700,kvm
78850,asp.net
78850,visual-studio
78900,python
78900,memory-leaks
78900,valgrind
78900,guile
79210,c++
79210,ide
79350,windows
79350,open-source
79350,vps
79360,c
79360,opengl
79490,linux
79780,c
79780,http
79780,post
79780,header
79850,python
79850,database
79850,google-app-engine
79850,bigtable
79880,ruby-on-rails
79880,ruby
79960,php
79960,string
79960,function
80120,tfs
80120,continuous-integration
80120,build-automation
80120,cruisecontrol.net
80120,build
80160,com
80320,language-agnostic
80320,pdf
80320,cross-platform
80320,poppler
80370,gtk
80370,gtk#
80470,performance
80470,nfs
80550,deployment
80550,dynamics-crm-4
80650,windows
80650,url
80650,protocols
80650,custom-url-protocol
80690,java
80690,finalize
80690,phantom-reference
80770,xquery
80820,c#
80820,directory
80820,openfiledialog
80940,w3c
80940,xforms
80980,javascript
80980,image
81150,c#
81150,global
81150,hotkeys
81160,java
81160,unit-testing
81160,legacy
81180,html
81180,file-upload
81180,firefox-3
81260,java
81260,jar
81260,merge
81260,restructuredtext
81260,uberjar
81280,wpf
81280,routed-events
81350,networking
81350,ip-address
81360,asp.net
81360,sql-server
81410,javascript
81410,wordpress
81410,widget
81520,bash
81520,unix
81520,shell
81560,sql
81560,constraints
81560,cascade
81730,.net
81730,multithreading
81730,garbage-collection
81770,facebook
81770,grails
81830,ruby-on-rails
81830,ruby
81830,grails
81830,groovy
81870,c++
81870,variables
81870,c++11
81870,typeof
82180,python
82180,qt
82180,gtk
82180,pyqt
82220,sharepoint
82340,java
82340,tomcat
82340,session
82350,virtual-pc
82380,asp.net
82380,internationalization
82380,multilingual
82530,linux
82530,svn
82530,ubuntu
82530,proxy
82550,c++
82550,boost-serialization
82850,sharepoint
82950,rss
82950,yahoo-pipes
83040,php
83040,oracle
83050,sql
83050,mysql
83050,sql-server
83050,oracle
83050,postgresql
83130,c#
83130,oracle
83190,editor
83190,matlab
83260,.net
83260,arrays
83260,unique
83320,fonts
83320,true-type-fonts
83410,sql-server
83410,powershell
83640,c++
83640,stl
83770,asp.net
83770,asp.net-ajax
83770,textbox
83770,calendar
83770,custom-server-controls
