flex,80,5
actionscript-3,80,5
air,80,5
svn,90,5
tortoisesvn,90,5
branch,90,5
branching-and-merging,90,5
sql,120,5
asp.net,120,5
sitemap,120,5
algorithm,180,5
language-agnostic,180,5
colors,180,5
color-space,180,5
c#,260,5
.net,260,5
scripting,260,5
compiler-construction,260,5
c++,330,5
oop,330,5
class,330,5
nested-class,330,5
.net,470,5
web-services,470,5
sql-server,580,5
sql-server-2005,580,5
deployment,580,5
release-management,580,5
c#,650,5
visual-studio,650,5
versioning,650,5
windows,810,5
visual-studio,810,5
registry,810,5
installation,810,5
c#,930,5
database,930,5
loops,930,5
connection,930,5
c#,1010,5
asp.net,1010,5
c#,1040,5
file-locking,1040,5
unix,1070,5
size,1070,5
svn,1160,5
msbuild,1160,5
cruisecontrol.net,1160,5
web-applications,1180,5
dns,1180,5
subdomain,1180,5
account,1180,5
.net,1300,5
.net-3.5,1300,5
msbuild,1300,5
nant,1300,5
sql-server,1390,5
windows-server-2008,1390,5
sql-server,1600,5
sql-server-2008,1600,5
sql-server,1610,5
c#,1760,5
.net,1760,5
unit-testing,1760,5
testing,1760,5
svn,1790,5
version-control,1790,5
sql,1970,5
database,1970,5
postgresql,1970,5
stored-procedures,1970,5
triggers,1970,5
sql,2120,5
sql-server,2120,5
c#,2250,5
dataset,2250,5
datatable,2250,5
asp-classic,2300,5
vbscript,2300,5
html,2530,5
autocomplete,2530,5
c,2540,5
architecture,2540,5
data-structures,2540,5
asp.net,2550,5
flash,2550,5
video,2550,5
embed,2550,5
powershell,2630,5
cmdlets,2630,5
optimization,2750,5
setter,2750,5
getter,2750,5
verification,2750,5
winforms,2770,5
error-handling,2770,5
user-controls,2770,5
c#,2780,5
colors,2780,5
sql,2840,5
sql-server-2005,2840,5
paging,2840,5
php,2900,5
mysql,2900,5
security,2970,5
cracking,2970,5
hijacked,2970,5
c++,3150,5
visual-studio,3150,5
unit-testing,3150,5
testing,3150,5
fogbugz,3180,5
c++,3230,5
visual-studio,3230,5
algorithm,3260,5
language-agnostic,3260,5
sql-server,3400,5
full-text-search,3400,5
sql-server,3470,5
sql-server-2005,3470,5
math,3510,5
ruby,3530,5
rake,3530,5
command-line-interface,3530,5
windows,3790,5
64bit,3790,5
wmi,3790,5
java,4080,5
code-coverage,4080,5
static-analysis,4080,5
sql,4110,5
sql-server,4110,5
database,4110,5
diagram,4110,5
ado.net,4170,5
asp.net,4230,5
asp.net,4320,5
business-logic-layer,4320,5
objectdatasource,4320,5
php,4430,5
web-services,4430,5
visual-studio,4430,5
wsdl,4430,5
c#,4610,5
.net,4610,5
java,4630,5
jni,4630,5
java-web-start,4630,5
nativelibrary,4630,5
version-control,4670,5
dvcs,4670,5
c#,4850,5
user-interface,4850,5
directx,4850,5
xml,4860,5
xml-signature,4860,5
regex,4870,5
ansi,4870,5
html,4880,5
email,4880,5
forms,4880,5
confirm,4880,5
c#,4930,5
.net,4930,5
sharepoint,4930,5
assemblies,4930,5
sql-server,5170,5
vb.net,5260,5
date,5260,5
community-server,5460,5
sql-server,5600,5
indexing,5600,5
asp.net-mvc,5690,5
asp.net-mvc-routing,5690,5
architecture,5880,5
n-tier,5880,5
authentication,6080,5
web-applications,6080,5
account,6080,5
database,6110,5
svn,6130,5
subclipse,6130,5
.net,6210,5
email,6210,5
sql,6340,5
mysql,6340,5
foreign-keys,6340,5
winforms,6430,5
.net,6440,5
redistributable,6440,5
asp.net,6530,5
logging,6530,5
permissions,6530,5
c#,6890,5
multithreading,6890,5
compact-framework,6890,5
.net,7180,5
animation,7180,5
svn,7190,5
continuous-integration,7190,5
linux,7260,5
ssh,7260,5
unit-testing,7440,5
user-interface,7440,5
selenium,7440,5
php,7470,5
web-applications,7470,5
javascript,7540,5
firefox,7540,5
memory,7540,5
cpu,7540,5
java,7720,5
windows,7720,5
swt,7720,5
executable,7720,5
software-distribution,7720,5
c++,7880,5
file,7880,5
io,7880,5
css,7940,5
validation,7940,5
xhtml,7940,5
cross-browser,7940,5
w3c,7940,5
c#,7990,5
.net,7990,5
windows-services,7990,5
printing,7990,5
linq,8050,5
.net-3.5,8050,5
plugins,8140,5
extensibility,8140,5
ant,8790,5
build-process,8790,5
c#,8800,5
data-structures,8800,5
collections,8800,5
osx,8830,5
adobe,8830,5
applescript,8830,5
acrobat,8830,5
winapi,8880,5
linux,8940,5
vmware,8940,5
sysadmin,8940,5
nic,8940,5
sharepoint,8950,5
osx,8950,5
wss,8950,5
objective-c,8970,5
osx,8970,5
webcam,8970,5
isight,8970,5
architecture,9240,5
c,9410,5
function,9410,5
pointers,9410,5
syntax,9410,5
parameters,9410,5
linker,9570,5
c++-cli,9570,5
mixed-mode,9570,5
lisp,9650,5
scheme,9650,5
language-agnostic,9750,5
.net,10190,5
sql,10190,5
linq,10190,5
pagination,10190,5
string,10230,5
optimization,10230,5
language-agnostic,10230,5
compiler-construction,10230,5
asp.net,10260,5
asp.net-mvc,10300,5
validation,10300,5
binding,10580,5
dynamic-binding,10580,5
static-binding,10580,5
database,10600,5
hardware,10600,5
storage,10600,5
raid,10600,5
disk,10600,5
regex,10610,5
c#,10670,5
.net-3.5,10670,5
.net-2.0,10670,5
remoting,10670,5
rpc,10670,5
c,10680,5
linux,10680,5
c#,10810,5
winforms,10810,5
authorization,10810,5
adam,10810,5
azman,10810,5
.net,10860,5
n-tier,10860,5
actionscript-3,10870,5
flex,10870,5
drag-and-drop,10870,5
c++,10880,5
emacs,10880,5
java,10980,5
.net,10980,5
ikvm,10980,5
gnu-classpath,10980,5
php,10990,5
apache,10990,5
upload,10990,5
c++,11060,5
python,11060,5
unit-testing,11060,5
code-generation,11060,5
swig,11060,5
tsql,11200,5
sqlite,11200,5
date,11200,5
c,11330,5
architecture,11330,5
pointers,11330,5
sql-server,11430,5
sql-server-2008,11430,5
.net,11460,5
asp.net,11460,5
iis,11460,5
asp.net,11500,5
ajax,11500,5
optimization,11500,5
performance,11500,5
.net,11520,5
visual-studio,11520,5
sql-server,11620,5
sql-server-2005,11620,5
design-patterns,11680,5
fileparse,11680,5
internet-explorer,11690,5
unicode,11690,5
msbuild,11720,5
virtualization,11720,5
hyper-v,11720,5
.net,11740,5
orm,11740,5
xml,11820,5
web-services,11820,5
java,11930,5
sockets,11930,5
ip,11930,5
router,11930,5
asp.net,11950,5
error-handling,11950,5
nlog,11950,5
health-monitoring,11950,5
language-agnostic,12140,5
oop,12140,5
asp.net,12290,5
performance,12290,5
.net-3.5,12290,5
content-management-system,12290,5
n2,12290,5
vbscript,12330,5
wmi,12330,5
.net-2.0,12720,5
installer,12720,5
dependencies,12720,5
java,12870,5
php,12870,5
jsp,12870,5
tomcat,12870,5
resources,12880,5
dataset,12880,5
mysql,12890,5
database,12890,5
denormalization,12890,5
php,13000,5
c#,13060,5
.net,13060,5
vb.net,13060,5
web-services,13160,5
c#,13170,5
.net,13170,5
multithreading,13170,5
exception,13170,5
continuous-integration,13200,5
bug-tracking,13200,5
fogbugz,13200,5
cruisecontrol.rb,13200,5
iis-7,13430,5
cruisecontrol.net,13430,5
version-control,13460,5
regex,13470,5
sql,13540,5
sql-server,13540,5
stored-procedures,13540,5
upsert,13540,5
cad,13550,5
php,13620,5
optimization,13620,5
performance,13620,5
unit-testing,14040,5
testing,14040,5
process,14040,5
powershell,14300,5
batch-file,14300,5
opengl,14310,5
textures,14310,5
colors,14330,5
rgb,14330,5
monochrome,14330,5
flex,14350,5
flash,14350,5
actionscript-3,14350,5
security,14350,5
opengl,14370,5
glut,14370,5
menu,14370,5
vim,14410,5
editor,14410,5
vi,14410,5
linq,14530,5
linq-to-sql,14530,5
stored-procedures,14530,5
asp.net,14570,5
database,14570,5
performance,14570,5
visual-studio,14760,5
.net,14770,5
attributes,14770,5
versions,14770,5
ubuntu,15040,5
vmware,15040,5
lamp,15040,5
delphi,15190,5
ide,15190,5
c++,15240,5
c,15240,5
c-preprocessor,15240,5
sql-server,15310,5
reporting-services,15310,5
javascript,15390,5
web-applications,15390,5
deployment,15390,5
asp.net-mvc,15470,5
asp.net-mvc-routing,15470,5
java,15690,5
oop,15690,5
design,15690,5
architecture,15690,5
.net,15700,5
enterprise-library,15700,5
connection-string,15700,5
c#,15880,5
outlook,15880,5
email,15880,5
message,15880,5
msg,15880,5
asp.net,15900,5
asp.net-mvc,15900,5
.net-3.5,15900,5
graphics,15900,5
diagram,15900,5
c#,16100,5
string,16100,5
enums,16100,5
c#,16110,5
winforms,16110,5
textbox,16110,5
java,16140,5
spring,16140,5
osgi,16140,5
database,16320,5
orm,16320,5
class-design,16320,5
asp.net-mvc,16330,5
c#,16340,5
hash,16340,5
.net,16460,5
.net,16550,5
build-process,16550,5
nant,16550,5
c#,16610,5
sql-server,16610,5
tsql,16610,5
ado.net,16610,5
sql-server-2000,16610,5
reporting-services,16660,5
internationalization,16660,5
data-structures,16770,5
haskell,16770,5
types,16770,5
functional-programming,16770,5
algebraic-data-types,16770,5
unit-testing,16860,5
visual-studio-2008,16940,5
api,16970,5
linux,17020,5
storage,17020,5
disk-partitioning,17020,5
c,17140,5
process,17140,5
c#,17170,5
.net,17170,5
python,17250,5
zip,17250,5
language-agnostic,17320,5
opengl,17370,5
glew,17370,5
c#,17430,5
testing,17430,5
.net-3.5,17500,5
intellisense,17500,5
c++,17670,5
encryption,17670,5
winapi,17670,5
knowledge-management,17770,5
parsing,17840,5
monads,17840,5
mysql,17870,5
xml,17880,5
automation,17880,5
applescript,17880,5
iwork,17880,5
powershell,17960,5
configuration-files,17960,5
c,17980,5
version-control,18010,5
ankhsvn,18010,5
performance,18080,5
monitoring,18080,5
usage-statistics,18080,5
date,18250,5
executable,18250,5
ruby-on-rails,18290,5
security,18290,5
deployment,18290,5
.net,18450,5
open-source,18450,5
mono,18450,5
asp.net,18460,5
authorization,18460,5
open-source,18700,5
licensing,18700,5
html,18920,5
css,18920,5
directory,18920,5
python,19030,5
validation,19030,5
naming,19030,5
javascript,19280,5
asp.net,19790,5
gridview,19790,5
infragistics,19790,5
ultrawebgrid,19790,5
javascript,19970,5
.net,20040,5
project-management,20040,5
objective-c,20420,5
xcode,20420,5
osx,20420,5
refactoring,20420,5
.net,20450,5
vb.net,20450,5
ms-word,20450,5
rtf,20450,5
javascript,20510,5
flex,20510,5
exploit,20510,5
sql,20840,5
sql-server,20840,5
osx,20850,5
hardware,20850,5
java,20880,5
swing,20880,5
jpanel,20880,5
.net,20910,5
flex,20910,5
flash,20910,5
silverlight,20910,5
windows,21060,5
configuration,21060,5
c#,21280,5
sql,21280,5
linq,21280,5
django,21460,5
shared-hosting,21460,5
hostmonster,21460,5
opengl,21560,5
wxwidgets,21560,5
multisampling,21560,5
.net,21640,5
asp.net,21640,5
url,21640,5
uri,21640,5
authority,21640,5
postgresql,21830,5
indexing,21830,5
gin,21830,5
gist-index,21830,5
caching,21870,5
.net-2.0,21870,5
memcached,21870,5
enterprise-library,21870,5
html,22000,5
css,22000,5
apache,22140,5
unix,22140,5
httpserver,22140,5
.net,22340,5
wcf,22340,5
firewall,22340,5
push,22340,5
duplex,22340,5
c,22500,5
kr-c,22500,5
c89,22500,5
sql,22570,5
sql-server,22570,5
tsql,22570,5
datetime,22570,5
user-defined-functions,22570,5
asp.net,22590,5
iis-6,22590,5
windows-server-2003,22590,5
cluster-computing,22590,5
failover,22590,5
java,22720,5
exception,22720,5
sockets,22720,5
networking,22720,5
security,22880,5
session,22880,5
cookies,22880,5
ruby-on-rails,22980,5
ruby,22980,5
plugins,22980,5
c++,23190,5
c,23190,5
arrays,23190,5
microsoft-dynamics,23190,5
c#,23250,5
coding-style,23250,5
security,23270,5
internet-explorer-7,23270,5
security-zone,23270,5
version-control,23310,5
c#,23370,5
c++,23370,5
windows,23370,5
winapi,23370,5
com,23370,5
windows-vista,23490,5
windows,23610,5
active-directory,23610,5
groups,23610,5
javascript,23620,5
spell-checking,23620,5
product,23640,5
database,23770,5
database-design,23770,5
postgresql,23770,5
algorithm,23930,5
language-agnostic,23930,5
java,23950,5
concurrency,23950,5
ruby,23970,5
serialization,23970,5
lambda,23970,5
proc-object,23970,5
unit-testing,24040,5
testing,24040,5
php,24130,5
arrays,24130,5
class,24130,5
c#,24200,5
sql,24200,5
sql-server,24200,5
sql-server-2005,24200,5
language-agnostic,24270,5
oop,24270,5
ruby,24310,5
shoes,24310,5
irc,24310,5
model-view-controller,24450,5
web-frameworks,24450,5
sql-server,24470,5
tsql,24470,5
pivot,24470,5
visual-studio,24580,5
build-automation,24580,5
visual-studio,24610,5
vim,24610,5
ide,24610,5
editor,24610,5
oop,24620,5
svn,24680,5
vb6,24680,5
asp-classic,24730,5
oledb,24730,5
ado,24730,5
c#,25200,5
winforms,25200,5
javascript,25240,5
dom,25240,5
plugins,25240,5
fckeditor,25240,5
css,25450,5
abstraction,25450,5
sql,25460,5
stored-procedures,25460,5
db2,25460,5
java,25530,5
unix,25530,5
windows-services,25530,5
daemon,25530,5
pdf,25550,5
import,25550,5
c++,25730,5
c,25730,5
visual-studio,25730,5
memory-leaks,25730,5
ruby,25950,5
performance,25950,5
ruby-1.9,25950,5
c#,26020,5
sqlite,26020,5
windows,26230,5
networking,26230,5
folders,26230,5
shared,26230,5
smb,26230,5
asp.net,26260,5
hibernate,26450,5
orm,26450,5
c#,26570,5
.net,26570,5
jquery,26620,5
ajax,26620,5
json,26620,5
character-encoding,26620,5
pdf,26670,5
coldfusion,26670,5
c#,26760,5
timespan,26760,5
.net,26800,5
xpath,26800,5
html,26860,5
browser,26860,5
accessibility,26860,5
excel,27020,5
excel-vba,27020,5
javascript,27030,5
arrays,27030,5
comparison,27030,5
c++,27220,5
winapi,27220,5
java,27240,5
enumeration,27240,5
iterable,27240,5
c#,27570,5
file,27570,5
recursion,27570,5
c#,27610,5
trace,27610,5
c++,27640,5
qt,27640,5
mfc,27640,5
.net,27670,5
frameworks,27670,5
installation,27670,5
c++,27700,5
windows,27700,5
linux,27700,5
filesystems,27700,5
data-structures,27850,5
modeling,27850,5
regex,27910,5
doi,27910,5
c++,28080,5
casting,28080,5
rtti,28080,5
dynamic-cast,28080,5
sql-server,28110,5
datetime,28110,5
.net,28150,5
attributes,28150,5
c++,28160,5
performance,28160,5
file-organization,28160,5
sql,28280,5
sql-server,28280,5
sql-server-2005,28280,5
android,28380,5
authentication,28380,5
proxy,28380,5
open-source,28530,5
database,28560,5
nhibernate,28560,5
paradox,28560,5
database,28590,5
resources,28590,5
database-connection,28590,5
windows-mobile,28820,5
scripting,28820,5
sysadmin,28820,5
administration,28820,5
scrum,28840,5
methodology,28840,5
requirements,28840,5
architecture,28950,5
rest,28950,5
soap,28950,5
sharepoint,29030,5
spcontext,29030,5
applicationpage,29030,5
.net,29040,5
sql,29040,5
performance,29040,5
linq-to-sql,29040,5
testing,29100,5
automated-tests,29100,5
specifications,29100,5
faults,29100,5
.net,29370,5
db2,29370,5
db2-luw,29370,5
vista64,29370,5
c#,29460,5
winforms,29460,5
taskbar,29460,5
performance,29580,5
pagination,29580,5
excel,29630,5
excel-vba,29630,5
office-addins,29630,5
asp.net,29680,5
javascript,29680,5
sharepoint,29680,5
.net,29700,5
wpf,29700,5
installer,29760,5
installation,29760,5
windows-installer,29760,5
installshield,29760,5
version-control,29810,5
tracking,29810,5
java,29820,5
deep-copy,29820,5
cloning,29820,5
web-applications,29870,5
beta,29870,5
launching,29870,5
c++,29890,5
sockets,29890,5
udp,29890,5
c#,29980,5
unit-testing,29980,5
tdd,29980,5
mocking,29980,5
c#,30080,5
2d,30080,5
java,30160,5
editor,30160,5
css,30170,5
asp.net,30230,5
asp.net-mvc,30310,5
c#,30430,5
.net,30430,5
visual-studio,30430,5
.net-3.5,30430,5
.net-2.0,30430,5
javascript,30540,5
flash,30540,5
mysql,30660,5
replication,30660,5
mysql-error-1062,30660,5
binlog,30660,5
database,30710,5
unit-testing,30710,5
asp.net,30770,5
asp.net-ajax,30770,5
user-controls,30770,5
updatepanel,30770,5
linq,30790,5
oracle,30790,5
wcf,30800,5
security,30800,5
authentication,30800,5
ws-security,30800,5
php,30940,5
error-logging,30940,5
.net,31090,5
winforms,31090,5
.net-2.0,31090,5
.net,31140,5
winforms,31140,5
reflection,31140,5
inheritance,31140,5
outlook,31200,5
synchronization,31200,5
exchange-server,31200,5
content-type,31250,5
mhtml,31250,5
ruby-on-rails,31320,5
ruby,31320,5
python,31340,5
multithreading,31340,5
java,31380,5
performance,31380,5
http,31380,5
io,31380,5
buffer,31380,5
c#,31410,5
visual-studio-2008,31410,5
debugging,31410,5
.net,31480,5
wpf,31480,5
sql,31500,5
indexing,31500,5
wcf,31790,5
web-services,31790,5
language-agnostic,31800,5
http,31800,5
rest,31800,5
java,31840,5
logging,31840,5
log4j,31840,5
java.util.logging,31840,5
xslt,31870,5
c#,31930,5
reporting-services,31930,5
c#,32000,5
sql,32000,5
sql-server,32000,5
tsql,32000,5
regex,32010,5
language-agnostic,32010,5
web-services,32020,5
testing,32020,5
sql,32100,5
puzzle,32100,5
c#,32260,5
.net,32260,5
email,32260,5
smtp,32260,5
gmail,32260,5
java,32280,5
null,32280,5
assert,32280,5
sql,32360,5
sql-server,32360,5
wpf,32460,5
binding,32460,5
dataset,32460,5
datarowview,32460,5
defaultview,32460,5
javascript,32540,5
model-view-controller,32540,5
architecture,32540,5
client,32540,5
ria,32540,5
sql-server-2005,32550,5
nolock,32550,5
php,32570,5
iis,32570,5
asp.net-mvc,32640,5
unit-testing,32640,5
mocking,32640,5
moq,32640,5
rhino-mocks,32640,5
c#,32750,5
.net,32750,5
image,32750,5
tiff,32750,5
sql-server,32780,5
java,32790,5
process,32790,5
.net,32930,5
windows,32930,5
components,32930,5
dvd,32930,5
javascript,33080,5
html,33080,5
css,33080,5
c#,33150,5
asp.net,33150,5
vb.net,33150,5
custom-server-controls,33150,5
web-controls,33150,5
c#,33250,5
asp.net,33250,5
active-directory,33250,5
linq-to-sql,33390,5
.net-3.5,33390,5
modularity,33510,5
compiled,33510,5
interpreted,33510,5
open-source,33550,5
wolfram-mathematica,33550,5
symbolic-math,33550,5
computer-algebra-systems,33550,5
flash,33590,5
actionscript-3,33590,5
datatipfunction,33590,5
windows,33630,5
memory,33630,5
.net-2.0,33630,5
64bit,33630,5
hardware,33630,5
xcode,33720,5
osx,33720,5
templates,33720,5
xcode4,33720,5
xcode4.5,33720,5
.htaccess,33790,5
deployment,33790,5
scp,33790,5
shared-hosting,33790,5
javascript,33860,5
ruby-on-rails,33860,5
ruby,33860,5
java,33960,5
networking,33960,5
ethernet,33960,5
eclipse,33990,5
svn,33990,5
osx,33990,5
python,34020,5
multithreading,34020,5
php,34120,5
html,34120,5
screen-scraping,34120,5
com,34270,5
.net-2.0,34270,5
active-directory,34270,5
.net,34300,5
com,34300,5
com+,34300,5
dcom,34300,5
asp.net,34390,5
css,34390,5
visual-studio-2008,34390,5
user-controls,34390,5
ruby,34490,5
hash,34490,5
sha1,34490,5
multithreading,34510,5
concurrency,34510,5
terminology,34510,5
race-condition,34510,5
python,34570,5
tdd,34600,5
pair-programming,34600,5
javascript,34790,5
jquery,34790,5
perl,34920,5
file,34920,5
locking,34920,5
javascript,35050,5
comparison,35050,5
unit-testing,35070,5
registry,35070,5
silverlight,35120,5
verilog,35170,5
jquery,35240,5
ajax,35240,5
http,35240,5
forms,35240,5
iframe,35240,5
sql,35320,5
sql-server,35320,5
recursion,35320,5
common-table-expression,35320,5
c,35380,5
signals,35380,5
mysql,35420,5
mysql-management,35420,5
python,35470,5
static-analysis,35470,5
pylint,35470,5
pyflakes,35470,5
perl,35480,5
class-dbi,35480,5
api,35490,5
networking,35490,5
messaging,35490,5
distributed,35490,5
cluster-computing,35490,5
algorithm,35530,5
graphics,35530,5
audio,35530,5
photoshop,35530,5
signal-processing,35530,5
wcf,35560,5
web-services,35560,5
domain-driven-design,35560,5
svn,35670,5
c,35700,5
cross-platform,35700,5
32-bit,35700,5
windows-vista,35720,5
hardware,35720,5
emulator,35720,5
sorting,35870,5
comparison,35870,5
f#,35940,5
c++,35950,5
tr1,35950,5
unordered-map,35950,5
yaws,36030,5
ocaml,36260,5
c#,36350,5
arrays,36350,5
ruby,36430,5
directx,36600,5
remote-desktop,36600,5
sql,36760,5
count,36760,5
version-control,36820,5
ms-word,36820,5
c++,36890,5
corba,36890,5
idl,36890,5
tao,36890,5
windows,37030,5
installation,37030,5
x86,37070,5
sse,37070,5
assembly,37070,5
java,37310,5
unit-testing,37310,5
tdd,37310,5
graphics,37590,5
sql,37640,5
sql-server,37640,5
documentation,37640,5
asp.net,37650,5
file,37650,5
download,37650,5
wpf,37830,5
user-interface,37830,5
winapi,37920,5
com,37920,5
c#,38010,5
.net,38010,5
string,38010,5
asp.net,38070,5
maps,38070,5
postgresql,38090,5
bash,38160,5
.net,38190,5
winapi,38190,5
disk,38190,5
research,38210,5
browser,38280,5
web-applications,38280,5
php,38370,5
session,38370,5
session-variables,38370,5
c#,38510,5
sql-server,38510,5
winforms,38510,5
data-binding,38510,5
sql-server-ce,38510,5
c#,38670,5
asp.net,38670,5
visual-studio,38670,5
sql,38680,5
paging,38680,5
oop,38820,5
class-design,38820,5
database,38870,5
data-structures,38870,5
indexing,38870,5
schema,38870,5
sql-server,38890,5
database,38890,5
php,38920,5
iis,38920,5
smtp,38920,5
sql,38940,5
mysql,38940,5
c#,38960,5
.net,38960,5
io,38960,5
asp.net,39070,5
ftp,39070,5
sql,39240,5
sql-server,39240,5
database,39240,5
svn,39770,5
tags,39770,5
cvs,39770,5
sql-server,39780,5
ssis,39780,5
sharepoint,39910,5
javascript,39960,5
python,39960,5
c#,40090,5
overloading,40090,5
sql-server,40230,5
synchronization,40230,5
guid,40230,5
offline,40230,5
oltp,40230,5
java,40480,5
methods,40480,5
parameter-passing,40480,5
pass-by-reference,40480,5
pass-by-value,40480,5
jquery,40590,5
prototypejs,40590,5
css-selectors,40590,5
addclass,40590,5
c#,40680,5
asp.net,40680,5
user-controls,40680,5
c#,40730,5
automatic-properties,40730,5
c#,40840,5
registry,40840,5
environment,40840,5
codeigniter,41010,5
zend-framework,41010,5
smarty,41010,5
asp.net,41050,5
.net,41220,5
security,41220,5
encryption,41220,5
cryptography,41220,5
asp.net,41290,5
multithreading,41290,5
web-applications,41290,5
caching,41290,5
file-io,41290,5
windows,41300,5
emacs,41300,5
visual-studio,41320,5
winapi,41330,5
audio,41330,5
device,41330,5
c++,41400,5
c,41400,5
variadic-functions,41400,5
licensing,41460,5
testing,41580,5
design-patterns,41580,5
qa,41580,5
regression,41580,5
c++,41590,5
namespaces,41590,5
ruby,41630,5
command-line,41630,5
command-line-interface,41630,5
windows-vista,41640,5
audio,41640,5
fuzzy-search,41970,5
unix,42070,5
shell,42070,5
c#,42150,5
.net,42150,5
unit-testing,42150,5
windows-services,42150,5
linq,42200,5
linq-to-sql,42200,5
.net,42460,5
winforms,42460,5
user-interface,42460,5
windows-xp,42460,5
version-control,42490,5
tfs,42490,5
vb.net,42550,5
screen-scraping,42550,5
street-address,42550,5
javascript,42610,5
sqlite,42610,5
model,42610,5
client-server,42610,5
metalanguage,42610,5
sql,42620,5
.net,42690,5
ironpython,42690,5
ironruby,42690,5
dynamic-language-runtime,42690,5
dynamic-languages,42690,5
logic,42710,5
verilog,42710,5
synthesis,42710,5
version-control,42710,5
.net,42740,5
wcf,42740,5
c++,42770,5
asp.net,42830,5
python,42950,5
date,42950,5
osx,42980,5
configuration,42980,5
mercurial,42980,5
perforce,42980,5
p4merge,42980,5
c#,42990,5
java,42990,5
regex,42990,5
regex-negation,42990,5
operating-system,43180,5
kernel,43180,5
osdev,43180,5
python,43290,5
django,43290,5
url,43290,5
django-urls,43290,5
.net,43320,5
session,43320,5
nhibernate,43320,5
flush,43320,5
html,43400,5
css,43400,5
design,43400,5
.net,43490,5
winforms,43490,5
c#,43500,5
.net,43500,5
python,43580,5
mime,43580,5
sql,43870,5
postgresql,43870,5
group-by,43870,5
string-concatenation,43870,5
concat,43870,5
mp3,43890,5
ffmpeg,43890,5
version-control,43920,5
project-management,43920,5
project-planning,43920,5
sql-server,43940,5
database,43940,5
cots,43960,5
configuration,43970,5
firewall,43970,5
sendmail,43970,5
smarthost,43970,5
asp.net,44080,5
dom,44080,5
asp.net-ajax,44080,5
memory-leaks,44080,5
.net,44100,5
dictionary,44100,5
properties,44100,5
constants,44100,5
javascript,44190,5
dom,44190,5
c#,44220,5
performance,44220,5
loops,44220,5
.net,44260,5
command-line,44260,5
parameters,44260,5
c#,44270,5
arrays,44270,5
keyboard,44350,5
macros,44350,5
performance,44350,5
visual-studio,44470,5
clickonce,44470,5
versioning,44470,5
version-control,44630,5
regex,44660,5
vb6,44660,5
eclipse,44760,5
svn,44760,5
subclipse,44760,5
sql,44780,5
sql-server,44780,5
tsql,44780,5
permissions,44780,5
.net,44940,5
cil,44940,5
c#,44980,5
windows,44980,5
c#,45030,5
.net,45030,5
string,45030,5
.net-3.5,45030,5
nullable,45030,5
iis,45180,5
osx,45230,5
ubuntu,45230,5
ssh,45230,5
port,45230,5
asp.net,45340,5
url,45340,5
rest,45340,5
friendly-url,45340,5
version-control,45400,5
perl,45470,5
model-view-controller,45470,5
python,45500,5
interface,45500,5
wacom,45500,5
.net,45510,5
installation,45510,5
inno-setup,45510,5
python,45540,5
tkinter,45540,5
tk,45540,5
javascript,45600,5
jquery,45600,5
user-interface,45600,5
dialog,45600,5
visual-studio,45650,5
projects-and-solutions,45650,5
xml,45950,5
osx,45950,5
c#,46030,5
winforms,46030,5
svn,46080,5
tortoisesvn,46080,5
c#,46130,5
.net,46130,5
linq,46130,5
lambda,46130,5
java,46160,5
performance,46160,5
string,46160,5
iphone,46220,5
xib,46220,5
key-value-coding,46220,5
architecture,46280,5
html,46350,5
css,46350,5
sql,46380,5
database,46380,5
oracle,46380,5
ora-00942,46380,5
c#,46860,5
winforms,46860,5
user-interface,46860,5
reference,46930,5
labview,46930,5
osx,47210,5
fogbugz,47210,5
version-control,47340,5
open-source,47340,5
database,47400,5
unit-testing,47400,5
ms-access,47400,5
vba,47400,5
d,47420,5
c++,47780,5
gcc,47780,5
linker,47780,5
gnu,47780,5
c#,47960,5
visual-studio,47960,5
code-snippets,47960,5
c++,47980,5
templates,47980,5
compiler-errors,47980,5
asp.net,48070,5
scalability,48070,5
viewstate,48070,5
language-agnostic,48110,5
search,48110,5
debugging,48110,5
code-coverage,48110,5
ruby-on-rails,48240,5
activerecord,48240,5
eclipse,48250,5
jsp,48250,5
ruby-on-rails,48320,5
ruby,48320,5
social-networking,48320,5
c#,48340,5
wcf,48340,5
exception,48340,5
c++,48390,5
eclipse,48390,5
spell-checking,48390,5
eclipse-3.4,48390,5
cdt,48390,5
visual-studio,48470,5
macros,48470,5
tweak,48470,5
asp.net,48550,5
.net,48550,5
deployment,48550,5
msbuild,48550,5
php,48570,5
oop,48570,5
c#,48680,5
.net,48680,5
winforms,48680,5
focus,48680,5
visual-studio,49080,5
visual-studio-addins,49080,5
bash,49110,5
iterator,49110,5
nhibernate,49220,5
linq-to-sql,49260,5
deployment,49260,5
visual-studio-2008,49330,5
visual-c++,49330,5
visual-studio-2005,49330,5
linker,49330,5
html,49350,5
css,49350,5
c#,49430,5
animationextender,49430,5
svn,49450,5
apache,49500,5
mod-rewrite,49500,5
objective-c,49510,5
cocoa,49510,5
c++,49610,5
mfc,49610,5
bounds-checker,49610,5
purify,49610,5
javascript,49630,5
html,49630,5
events,49630,5
scriptaculous,49630,5
html,49790,5
forms,49790,5
cross-browser,49790,5
specifications,49790,5
.net,49870,5
multithreading,49870,5
reference,49870,5
php,49890,5
mediawiki,49890,5
java,49900,5
build-process,49900,5
build-automation,49900,5
ant,49900,5
.net,49950,5
garbage-collection,49950,5
c++,50120,5
database,50120,5
asp-classic,50140,5
css,50170,5
cross-browser,50170,5
css,50280,5
safari,50280,5
css-float,50280,5
visual-studio,50310,5
visual-studio-2008,50310,5
visual-c++,50310,5
atl,50310,5
asp.net,50330,5
validation,50330,5
asp.net-ajax,50330,5
css,50430,5
html,50430,5
positioning,50430,5
vb.net,50450,5
arrays,50450,5
jagged-arrays,50450,5
javascript,50470,5
iframe,50470,5
unit-testing,50650,5
project-management,50650,5
tdd,50650,5
performance,50890,5
download,50890,5
user,50890,5
average,50890,5
.net,50900,5
debugging,50900,5
release,50900,5
python,51010,5
datetime,51010,5
time,51010,5
usability,51050,5
ui-guidelines,51050,5
php,51110,5
mime,51110,5
demoscene,51130,5
windows,51150,5
winapi,51150,5
visual-studio,51180,5
ruby-on-rails,51210,5
ruby,51210,5
routing,51210,5
java,51320,5
windows,51320,5
io,51380,5
java,51380,5
java,51390,5
applet,51390,5
ruby,51420,5
math,51420,5
logarithm,51420,5
sql,51470,5
database,51470,5
oracle,51470,5
sequence,51470,5
reset,51470,5
testing,51500,5
design,51500,5
python,51520,5
path,51520,5
relative-path,51520,5
absolute-path,51520,5
svn,51530,5
version-control,51530,5
project-management,51530,5
legacy,51530,5
.net,51540,5
memory,51540,5
model-driven,51660,5
algorithm,51680,5
charts,51680,5
graph,51680,5
winapi,51690,5
windows-vista,51690,5
c#,51700,5
.net,51700,5
settings,51700,5
asp.net,51870,5
.net-2.0,51870,5
.net,51950,5
unit-testing,51950,5
javascript,52080,5
loops,52080,5
ajax,52140,5
flash,52140,5
ria,52140,5
vb6,52160,5
runtime,52160,5
project-management,52290,5
specifications,52290,5
specs,52290,5
.net,52360,5
object,52400,5
design-patterns,52400,5
intersection,52400,5
sql-server,52430,5
datediff,52430,5
sql-server,52460,5
desktop-application,52520,5
cloud,52520,5
c,52550,5
operators,52550,5
comma-operator,52550,5
.net,52600,5
debugging,52600,5
pdb-files,52600,5
.net,52730,5
visual-studio-2008,52730,5
visual-studio-2005,52730,5
xss,52830,5
sql-injection,52830,5
api,52880,5
google-reader,52880,5
windows,52950,5
git,52950,5
.net,53070,5
asp.net,53070,5
paypal,53070,5
asp.net,53220,5
pagination,53220,5
language-agnostic,53260,5
svn,53290,5
git,53290,5
build-automation,53290,5
capistrano,53290,5
ajax,53370,5
image,53370,5
animation,53370,5
asp.net,53450,5
c#,53480,5
algorithm,53480,5
string,53480,5
fuzzy-search,53480,5
css,53610,5
sharepoint,53610,5
sql,53670,5
mysql,53670,5
java,53820,5
windows,53820,5
swing,53820,5
scala,54010,5
list,54010,5
asp.net,54050,5
webforms,54050,5
login,54050,5
ntlm,54050,5
security,54200,5
encryption,54200,5
settings,54200,5
php,54230,5
cakephp,54230,5
permissions,54230,5
acl,54230,5
security-roles,54230,5
.net,54380,5
web-services,54380,5
iis,54380,5
wcf-data-services,54380,5
wpf,54440,5
data-binding,54440,5
listbox,54440,5
treeview,54440,5
postgresql,54500,5
image,54500,5
cocoa,54760,5
filtering,54760,5
pasteboard,54760,5
clickonce,54770,5
microsoft.mshtml,54770,5
msbuild,54790,5
mono,54790,5
php,54980,5
sql,54980,5
pdo,54980,5
security,55010,5
forms,55010,5
ssl,55010,5
https,55010,5
php,55060,5
error-handling,55060,5
error-suppression,55060,5
c#,55130,5
asp.net,55130,5
yellow-screen-of-death,55130,5
sql-server,55140,5
windows-mobile,55140,5
pocketpc,55140,5
sql-server-mobile,55140,5
python,55180,5
sorting,55180,5
dictionary,55180,5
list,55180,5
algorithm,55210,5
language-agnostic,55210,5
puzzle,55210,5
c#,55270,5
asp.net,55270,5
asp.net-ajax,55270,5
asp.net,55330,5
javascript,55330,5
dom,55330,5
asp.net-ajax,55330,5
sql-server,55340,5
tsql,55340,5
palm-os,55350,5
garnet-os,55350,5
c#,55360,5
asp.net,55360,5
java,55440,5
c++,55440,5
templates,55440,5
email,55460,5
mime-types,55460,5
html-email,55460,5
email-integration,55460,5
email-validation,55460,5
c++,55510,5
c,55510,5
variables,55510,5
service,55670,5
dvd,55670,5
php,55720,5
mysql,55720,5
performance,55720,5
profiling,55720,5
c#,55860,5
asp.net,55860,5
javascript,55860,5
ajax,55860,5
cookies,55860,5
sql,56070,5
sql-server,56070,5
sql-server-2005,56070,5
svn,56090,5
merge,56090,5
visualization,56090,5
c++,56340,5
linux,56340,5
debugging,56340,5
foxpro,56430,5
visual-foxpro,56430,5
removable-drive,56430,5
c++,56500,5
c,56500,5
interop,56500,5
name-decoration,56500,5
javascript,56630,5
css,56630,5
design,56630,5
flex,56680,5
asp.net,56770,5
database,56770,5
database-design,56770,5
web-applications,56770,5
c,56810,5
multithreading,56810,5
python,56820,5
floating-point,56820,5
oop,56860,5
definition,56860,5
solid-principles,56860,5
design-principles,56860,5
lsp,56860,5
sql-server,56950,5
tsql,56950,5
c#,57010,5
.net,57010,5
algorithm,57010,5
c#,57020,5
.net-3.5,57020,5
collections,57020,5
.net,57140,5
fluent-interface,57140,5
collaboration,57170,5
corporate,57170,5
c#,57350,5
.net,57350,5
windows,57350,5
caching,57380,5
svn,57530,5
version-control,57530,5
sourcegear-vault,57530,5
version-control-migration,57530,5
c#,57560,5
windows,57560,5
qfe,57560,5
language-agnostic,57600,5
loops,57600,5
goto,57600,5
continue,57600,5
version-control,57730,5
msbuild,57730,5
build-process,57730,5
cruisecontrol.net,57730,5
visual-studio-2008,57790,5
internet-explorer-8,57790,5
visual-studio-2008-sp1,57790,5
sql-server-2005,57800,5
security,57800,5
system-administration,57800,5
c#,57840,5
c++,57840,5
visual-studio,57840,5
debugging,57840,5
grails,57910,5
c#,57990,5
inversion-of-control,57990,5
structuremap,57990,5
flex,58000,5
build-process,58000,5
nant,58000,5
flexbuilder,58000,5
oop,58070,5
.net,58190,5
sql-server,58190,5
tsql,58190,5
sqlclr,58190,5
c#,58230,5
gdi+,58230,5
xna,58230,5
rendering,58230,5
.net,58280,5
vb.net,58280,5
exception-handling,58280,5
windows-services,58280,5
c#,58300,5
.net,58300,5
powerpoint,58300,5
.net,58340,5
wpf,58340,5
testing,58340,5
c#,58380,5
.net,58380,5
exception,58380,5
c#,58510,5
mime,58510,5
mime-types,58510,5
version-control,58520,5
deployment,58520,5
oracle,58540,5
ssis,58540,5
winapi,58620,5
.net,58630,5
html,58630,5
email,58630,5
windows,58670,5
winapi,58670,5
c++,58730,5
c,58730,5
pdf,58730,5
open-source,58730,5
google-analytics,58750,5
c#,58910,5
.net,58910,5
png,58910,5
svg,58910,5
sql,58940,5
sql-server,58940,5
tsql,58940,5
asp.net,59000,5
ssl,59000,5
asp.net,59080,5
performance,59080,5
subsonic,59080,5
sql-server-express,59080,5
visual-studio-2005,59120,5
installer,59120,5
asp.net,59130,5
unicode,59130,5
localization,59130,5
globalization,59130,5
sql,59180,5
sql-server,59180,5
c#,59220,5
.net,59220,5
reflection,59220,5
subsonic,59220,5
asp.net,59270,5
deployment,59270,5
c++,59280,5
winapi,59280,5
mfc,59280,5
combobox,59280,5
postmessage,59280,5
php,59380,5
apache,59380,5
.htaccess,59380,5
wildcard-subdomain,59380,5
coldfusion,59390,5
cfc,59390,5
captcha,59560,5
c#,59590,5
multithreading,59590,5
design-patterns,59590,5
locking,59590,5
c++,59670,5
string,59670,5
gcc,59670,5
lotus-domino,59680,5
lotus,59680,5
lotusscript,59680,5
sql-server,59790,5
xml,59790,5
.net,59840,5
linq,59840,5
java,59850,5
spring,59850,5
sql,59880,5
database,59880,5
stored-procedures,59880,5
c++,60000,5
inheritance,60000,5
oop,60000,5
member-function-pointers,60000,5
javascript,60030,5
internet-explorer,60030,5
operating-system,60070,5
c#,60100,5
coding-style,60100,5
refactoring,60100,5
java,60160,5
regex,60160,5
escaping,60160,5
macros,60260,5
lisp,60260,5
html,60290,5
css,60290,5
image,60290,5
tags,60330,5
jquery,60360,5
ajax,60360,5
yui,60360,5
prototypejs,60360,5
scriptaculous,60360,5
java,60470,5
applet,60470,5
signed,60470,5
downloading,60470,5
c++,60570,5
oop,60570,5
information-hiding,60570,5
pimpl-idiom,60570,5
php,60590,5
javascript,60590,5
download,60590,5
.net,60620,5
visual-studio,60620,5
visual-studio-2008,60620,5
silverlight,60620,5
asp.net,60650,5
postback,60650,5
python,60680,5
webserver,60680,5
ruby-on-rails,60720,5
ruby,60720,5
debugging,60720,5
variables,60720,5
jquery,60740,5
internet-explorer-6,60740,5
png,60740,5
ide,60800,5
amd-processor,60800,5
curl-language,60800,5
c#,60820,5
performance,60820,5
memory,60820,5
profiler,60820,5
c++,60830,5
inline-functions,60830,5
osx,60910,5
emacs,60910,5
lisp,60910,5
aquamacs,60910,5
sql-server,60920,5
audit,60920,5
windows,60950,5
command-line,60950,5
console,60950,5
terminal,60950,5
command-line-interface,60950,5
directory-structure,61000,5
c#,61110,5
.net,61110,5
console,61110,5
stdout,61110,5
java,61150,5
unit-testing,61150,5
mocking,61150,5
static-block,61150,5
browser,61180,5
controls,61180,5
desktop-application,61180,5
html,61240,5
django,61240,5
css,61250,5
layout,61250,5
svn,61320,5
eclipse,61320,5
subclipse,61320,5
subversive,61320,5
unit-testing,61400,5
language-agnostic,61400,5
tdd,61400,5
integration-testing,61400,5
testing-strategies,61400,5
c#,61480,5
properties,61480,5
database,61520,5
oop,61520,5
rdbms,61520,5
relational,61520,5
oodbms,61520,5
c++,61680,5
arrays,61680,5
graphics,61680,5
2d,61680,5
zbuffer,61680,5
database,61750,5
paging,61750,5
asp.net,61760,5
javascript,61760,5
wysiwyg,61760,5
c#,61850,5
javascript,61850,5
ajax,61850,5
.net-3.5,61850,5
repeater,61850,5
linq,61870,5
sum,61870,5
entity-framework,62110,5
ado.net,62110,5
delphi,62230,5
timage,62230,5
fibplus,62230,5
c++,62340,5
stl,62340,5
regex,62430,5
java,62490,5
xml,62490,5
soap,62490,5
namespaces,62490,5
axis,62490,5
ajax,62530,5
image,62530,5
caching,62530,5
internet-explorer-6,62530,5
svn,62570,5
tortoisesvn,62570,5
java,62650,5
xml,62650,5
debugging,62720,5
iis,62720,5
crash,62720,5
c++,62810,5
boost-serialization,62810,5
rcf,62810,5
multithreading,62850,5
websphere,62850,5
.net,62940,5
textbox,62940,5
scroll,62940,5
java,63030,5
.net,63030,5
bufferedimage,63030,5
ikvm,63030,5
notimplementedexception,63030,5
database,63090,5
database-design,63090,5
primary-key,63090,5
key,63090,5
agile,63100,5
scrum,63100,5
development-process,63100,5
process-management,63100,5
.net,63130,5
.net-2.0,63130,5
java,63150,5
string,63150,5
actionscript-3,63390,5
flash,63390,5
open-source,63390,5
linux,63690,5
dhcp,63690,5
windows-vista,63720,5
dcom,63720,5
visual-sourcesafe,63790,5
visual-studio-2003,63790,5
java,63800,5
operating-system,63800,5
filesystems,63800,5
linux,63870,5
bash,63870,5
large-files,63870,5
filesplitting,63870,5
flex,63910,5
java,63930,5
struts,63930,5
vbscript,63940,5
wmi,63940,5
emacs,63950,5
ubuntu,63950,5
colors,63950,5
c#,63960,5
xna,63960,5
camera,63960,5
java,64000,5
multithreading,64000,5
process-management,64000,5
java,64010,5
javascript,64010,5
web-applications,64010,5
audio,64010,5
flash,64170,5
actionscript,64170,5
mysql,64200,5
perl,64200,5
stored-procedures,64200,5
emacs,64360,5
copy-paste,64360,5
apache,64380,5
wordpress,64380,5
mod-rewrite,64380,5
php,64400,5
api,64400,5
aim,64400,5
javascript,64420,5
iphone,64420,5
objective-c,64420,5
php,64570,5
c#,64640,5
.net,64640,5
datetime,64640,5
parsing,64640,5
globalization,64640,5
html,64760,5
user-interface,64760,5
xcode,64790,5
breakpoints,64790,5
javascript,64820,5
keyboard,64820,5
keyboard-shortcuts,64820,5
unicode,64860,5
text,64860,5
utf-8,64860,5
java,65010,5
gcj,65010,5
vb6,65020,5
nhibernate,65060,5
hql,65060,5
querying,65060,5
java,65150,5
open-source,65150,5
workflow,65150,5
c,65170,5
windows,65170,5
winapi,65170,5
java,65200,5
jvm,65200,5
ruby,65250,5
pdf,65250,5
doc,65250,5
java,65310,5
apache,65310,5
axis,65310,5
python,65400,5
metaclass,65400,5
tomcat,65530,5
asp.net,65800,5
javascript,65800,5
html,65800,5
editor,65800,5
wysiwyg,65800,5
c,65820,5
unit-testing,65820,5
testing,65820,5
embedded,65820,5
debugging,65910,5
opengl,65910,5
vbo,65910,5
sql-server,65940,5
ms-access,65940,5
coldfusion,65940,5
php,65970,5
arrays,65970,5
random,65970,5
.net,65990,5
replication,66040,5
soa,66040,5
perl,66330,5
testing,66330,5
regression,66330,5
javascript,66420,5
google-chrome,66420,5
debugging,66420,5
google-chrome-devtools,66420,5
java,66540,5
garbage-collection,66540,5
php,66610,5
html,66610,5
wget,66610,5
rdf,66720,5
semantics,66720,5
semantic-web,66720,5
owl,66720,5
ontology,66720,5
python,66730,5
gtk,66730,5
pygtk,66730,5
gobject,66730,5
java,66750,5
date,66750,5
internationalization,66750,5
ruby-on-rails,66770,5
ruby,66770,5
rspec,66770,5
build-automation,66800,5
makefile,66800,5
qt,66810,5
widget,66810,5
java,66840,5
javascript,66840,5
jms,66840,5
ejb,66840,5
activemq,66840,5
c,66870,5
linux,66870,5
security,66870,5
ubuntu,66870,5
testing,66880,5
credit-card,66880,5
graphics,67000,5
drawing,67000,5
2d,67000,5
python,67180,5
mysql,67180,5
xampp,67180,5
mysql-error-2006,67180,5
c#,67200,5
vb.net,67200,5
visual-studio-2008,67200,5
.net,67300,5
controls,67300,5
tabcontrol,67300,5
c#,67370,5
generics,67370,5
linux,67410,5
internationalization,67410,5
sed,67410,5
character,67410,5
objective-c,67640,5
debugging,67640,5
ide,67640,5
perl,67760,5
solaris,67760,5
syslog,67760,5
templates,67780,5
project-management,67780,5
project-planning,67780,5
c,67790,5
java,67810,5
eclipse,67810,5
tomcat,67810,5
debugging,67810,5
ruby,67890,5
java,67980,5
spring,67980,5
java,68120,5
tomcat,68120,5
code-reuse,68150,5
debugging,68160,5
frameworks,68340,5
complexity-theory,68340,5
c++,68460,5
open-source,68460,5
windows-mobile,68460,5
palm-os,68460,5
css,68610,5
internet-explorer,68610,5
center,68610,5
text-align,68610,5
python,68630,5
performance,68630,5
python-internals,68630,5
c#,68640,5
class,68640,5
struct,68640,5
value-type,68640,5
reference-type,68640,5
c#,68750,5
asp.net-mvc,68750,5
generics,68750,5
extension-methods,68750,5
asp.net,69000,5
wpf,69000,5
visual-studio,69000,5
web-services,69000,5
osx,69030,5
focus,69030,5
applescript,69030,5
menu,69030,5
tfs,69060,5
documentation,69060,5
agile,69060,5
c#,69230,5
.net,69230,5
oracle,69230,5
c++,69250,5
c,69250,5
compiler-construction,69250,5
php,69330,5
debugging,69330,5
zend-studio,69330,5
zend-debugger,69330,5
javascript,69430,5
html,69430,5
css,69430,5
cross-browser,69430,5
textselection,69430,5
css,69440,5
safari,69440,5
java,69470,5
xslt,69470,5
xpath,69470,5
saxon,69470,5
gnuplot,69480,5
testing,69700,5
html,69890,5
xhtml,69890,5
browser,69890,5
google-chrome,69890,5
statistics,69930,5
state-machines,69930,5
hidden-markov-models,69930,5
markov-models,69930,5
autocomplete,70090,5
wicket,70090,5
imap,70140,5
maildir,70140,5
.net,70150,5
performance,70150,5
runtime,70150,5
java,70170,5
oracle,70170,5
security,70170,5
passwords,70170,5
security,70450,5
email,70450,5
encryption,70450,5
design,70460,5
language-agnostic,70460,5
algorithm,70560,5
full-text-search,70560,5
session,70600,5
download,70600,5
c,70850,5
formatting,70850,5
c++,70880,5
memory-management,70880,5
java,70890,5
ajax,70890,5
jsf,70890,5
seam,70890,5
richfaces,70890,5
java,71000,5
.net,71000,5
interop,71000,5
zip,71000,5
java,71030,5
maven-2,71030,5
build-process,71030,5
accessibility,71100,5
excel,71180,5
excel-vba,71180,5
c#,71440,5
asp.net,71440,5
visual-studio,71440,5
properties,71440,5
attributes,71440,5
jquery,71590,5
ajax,71590,5
directx,71720,5
direct3d,71720,5
lighting,71720,5
java,71740,5
browser,71740,5
applet,71740,5
control,71740,5
c++,71820,5
c,71820,5
linux,71820,5
unix,71820,5
sql,71920,5
algorithm,71920,5
recommendation-engine,71920,5
digg,71920,5
c++,71980,5
com,71980,5
wchar-t,71980,5
bstr,71980,5
c++,72010,5
function,72010,5
overloading,72010,5
resolution,72010,5
sql-server,72070,5
javascript,72090,5
firefox,72090,5
greasemonkey,72090,5
ruby,72220,5
mocha,72220,5
biztalk,72240,5
c#,72360,5
speech-recognition,72380,5
asp.net,72410,5
internationalization,72410,5
language-agnostic,72540,5
authentication,72540,5
c#,72580,5
winforms,72580,5
cross-platform,72580,5
java,73000,5
internet-explorer,73000,5
swing,73000,5
applet,73000,5
modal-dialog,73000,5
winforms,73110,5
textbox,73110,5
scrollbar,73110,5
html,73230,5
firefox,73230,5
project-management,73260,5
time,73260,5
listview,73320,5
sorting,73320,5
header,73320,5
themes,73320,5
glyph,73320,5
c#,73380,5
.net,73380,5
exception,73380,5
viewstate,73380,5
java,73580,5
smtp,73580,5
windows-mobile,73910,5
console,73910,5
linux,73930,5
rpm,73930,5
c#,73950,5
pdf-generation,73950,5
javascript,73960,5
html,73960,5
internet-explorer,73960,5
drop-down-menu,73960,5
oracle,74010,5
plsql,74010,5
c#,74100,5
vb.net,74100,5
border,74100,5
thumbnails,74100,5
iis-6,74190,5
windows-server-2003,74190,5
cluster-computing,74190,5
stateserver,74190,5
c++,74350,5
mfc,74350,5
paint,74350,5
python,74430,5
svn,74560,5
tortoisesvn,74560,5
visualsvn-server,74560,5
html,74570,5
css,74570,5
java,74620,5
date,74620,5
timestamp,74620,5
gettime,74620,5
qt,74690,5
window,74690,5
size,74690,5
restore,74690,5
c,74790,5
linux,74790,5
hotkeys,74790,5
c#,74880,5
delegates,74880,5
notifications,74880,5
java,74960,5
soap,74960,5
namespaces,74960,5
axis2,74960,5
wsdl2java,74960,5
c++,75180,5
c,75180,5
visual-studio,75180,5
debugging,75180,5
windows,75230,5
winapi,75230,5
productivity,75230,5
database,75270,5
eclipse,75270,5
ide,75270,5
xml,75340,5
ruby,75340,5
linux,75340,5
xslt,75340,5
.net,75400,5
nhibernate,75400,5
caching,75400,5
python,75440,5
pdf,75500,5
image,75500,5
tiff,75500,5
visual-studio,75650,5
deployment,75650,5
build,75650,5
java,75700,5
spring,75700,5
orm,75700,5
jpa,75700,5
transactions,75700,5
javascript,75980,5
encoding,75980,5
query-string,75980,5
windows,76080,5
visual-c++,76080,5
security,76210,5
java,76300,5
multithreading,76300,5
swt,76300,5
sql,76350,5
sql-server,76350,5
database,76350,5
modeling,76350,5
agile,76440,5
extreme-programming,76440,5
perl,76650,5
date,76650,5
module,76650,5
warnings,76650,5
sql,76680,5
mysql,76680,5
database,76680,5
linux,76700,5
pipe,76700,5
exim,76700,5
visual-studio-2008,76760,5
deployment,76760,5
installation,76760,5
desktop,76760,5
projects-and-solutions,76760,5
.net,76870,5
build,76870,5
automation,76870,5
nant,76870,5
exif,76930,5
photo-management,76930,5
eclipse,77090,5
testing,77090,5
api-design,77280,5
security,77670,5
design,77670,5
architecture,77670,5
permissions,77670,5
delphi,77890,5
firewall,77890,5
asp.net,77900,5
asp.net,77960,5
asp-classic,77960,5
linux,77990,5
terminal,77990,5
flex,78230,5
ant,78230,5
mxml,78230,5
software-engineering,78360,5
security,78380,5
windows-vista,78380,5
activex,78380,5
protected,78380,5
mode,78380,5
python,78450,5
reportlab,78450,5
sql-server-2005,78560,5
html,78570,5
javascript,78570,5
java,78590,5
ruby-on-rails,78590,5
networking,78700,5
kvm,78700,5
asp.net,78850,5
visual-studio,78850,5
python,78900,5
memory-leaks,78900,5
valgrind,78900,5
guile,78900,5
c++,79210,5
ide,79210,5
windows,79350,5
open-source,79350,5
vps,79350,5
c,79360,5
opengl,79360,5
linux,79490,5
c,79780,5
http,79780,5
post,79780,5
header,79780,5
python,79850,5
database,79850,5
google-app-engine,79850,5
bigtable,79850,5
ruby-on-rails,79880,5
ruby,79880,5
php,79960,5
string,79960,5
function,79960,5
tfs,80120,5
continuous-integration,80120,5
build-automation,80120,5
cruisecontrol.net,80120,5
build,80120,5
com,80160,5
language-agnostic,80320,5
pdf,80320,5
cross-platform,80320,5
poppler,80320,5
gtk,80370,5
gtk#,80370,5
performance,80470,5
nfs,80470,5
deployment,80550,5
dynamics-crm-4,80550,5
windows,80650,5
url,80650,5
protocols,80650,5
custom-url-protocol,80650,5
java,80690,5
finalize,80690,5
phantom-reference,80690,5
xquery,80770,5
c#,80820,5
directory,80820,5
openfiledialog,80820,5
w3c,80940,5
xforms,80940,5
javascript,80980,5
image,80980,5
c#,81150,5
global,81150,5
hotkeys,81150,5
java,81160,5
unit-testing,81160,5
legacy,81160,5
html,81180,5
file-upload,81180,5
firefox-3,81180,5
java,81260,5
jar,81260,5
merge,81260,5
restructuredtext,81260,5
uberjar,81260,5
wpf,81280,5
routed-events,81280,5
networking,81350,5
ip-address,81350,5
asp.net,81360,5
sql-server,81360,5
javascript,81410,5
wordpress,81410,5
widget,81410,5
bash,81520,5
unix,81520,5
shell,81520,5
sql,81560,5
constraints,81560,5
cascade,81560,5
.net,81730,5
multithreading,81730,5
garbage-collection,81730,5
facebook,81770,5
grails,81770,5
ruby-on-rails,81830,5
ruby,81830,5
grails,81830,5
groovy,81830,5
c++,81870,5
variables,81870,5
c++11,81870,5
typeof,81870,5
python,82180,5
qt,82180,5
gtk,82180,5
pyqt,82180,5
sharepoint,82220,5
java,82340,5
tomcat,82340,5
session,82340,5
virtual-pc,82350,5
asp.net,82380,5
internationalization,82380,5
multilingual,82380,5
linux,82530,5
svn,82530,5
ubuntu,82530,5
proxy,82530,5
c++,82550,5
boost-serialization,82550,5
sharepoint,82850,5
rss,82950,5
yahoo-pipes,82950,5
php,83040,5
oracle,83040,5
sql,83050,5
mysql,83050,5
sql-server,83050,5
oracle,83050,5
postgresql,83050,5
c#,83130,5
oracle,83130,5
editor,83190,5
matlab,83190,5
.net,83260,5
arrays,83260,5
unique,83260,5
fonts,83320,5
true-type-fonts,83320,5
sql-server,83410,5
powershell,83410,5
c++,83640,5
stl,83640,5
asp.net,83770,5
asp.net-ajax,83770,5
textbox,83770,5
calendar,83770,5
custom-server-controls,83770,5
